Name,0.2,0.25,0.3,0.35,0.4,0.45,0.5,MinSolv_1,MinSolv_2,Hbonds,ExpperMGS
4-Methoxyphenyl ß-D-galactopyranoside,0.006627151,0.017478382,0.080797963,0.141365595,0.190172875,0.23645049,0.279889835,0.012112623,0.229863411,0.031050156,78.3
4-Methoxyphenyl ß-D-glucopyranoside,0.005803331,0.016938498,0.078495332,0.137489405,0.185898731,0.231458534,0.277254563,0.011884135,0.223835058,0.030401887,23.3
4-Methoxyphenyl α-D-galactopyranoside,0.007302765,0.0173313,0.079159098,0.138697873,0.187337875,0.231358416,0.276567163,0.012397552,0.221134569,0.030087879,76.4
4-Methoxyphenyl α-D-glucopyranoside,0.006243347,0.015850872,0.079331285,0.139852485,0.187918868,0.232593312,0.278291479,0.010828282,0.222235768,0.027193132,63.2
4-Bromophenyl ß-D-glucopyranoside,0.009845105,0.021837974,0.074806731,0.133233818,0.184019271,0.227873039,0.273782375,0.015030343,0.21644307,0.025607831,10
4-Chlorophenyl β-D-glucopyranoside,0.00858623,0.021423029,0.078570564,0.136056819,0.186262231,0.230032487,0.2761171,0.014201111,0.213145472,0.025969635,14.1
4-Fluorophenyl ß-D-glucopyranoside,0.007112637,0.018100653,0.072206247,0.132821121,0.183090877,0.225280618,0.271071096,0.01219552,0.219548371,0.027587309,23.3
4-Hydroxyphenyl ß-D-glucopyranoside,0.009675018,0.020409094,0.073763302,0.129876475,0.180330635,0.226623471,0.272635961,0.01650665,0.219964634,0.033822114,61.8
4-Methylphenyl ß-D-glucopyranoside,0.006677949,0.017006217,0.08097904,0.144419441,0.192585263,0.23476083,0.279345671,0.012088206,0.228450529,0.028194977,62.3
Phenyl ß-D-glucopyranoside,0.007532603,0.017709509,0.07499666,0.136195944,0.185713697,0.22792456,0.272733787,0.013125006,0.22095967,0.025900106,64.4
4-(Methoxycarbonyl)phenyl ß-D-glucopyranoside,0.005101228,0.014205635,0.07621275,0.137006762,0.185099077,0.230546221,0.27464651,0.009944521,0.219204303,0.026903779,49.1
4-Trifluoromethylphenyl ß-D-glucopyranoside,0.007171341,0.015115902,0.066960456,0.127294773,0.175653359,0.219504665,0.262938638,0.011682584,0.213566568,0.023951382,33.2
4-Nitrophenyl ß-D-glucopyranoside,0.006796824,0.015106328,0.066686964,0.128884683,0.177748806,0.218908801,0.260697931,0.011409489,0.21739779,0.025721106,60.9
4-Bromophenyl ß-D-galactopyranoside,0.010159407,0.022985141,0.077096408,0.13391395,0.184380753,0.225994371,0.271689807,0.01606508,0.215307496,0.025860306,6.2
4-Chlorophenyl ß-D-galactopyranoside,0.009282964,0.022810717,0.078557264,0.136641261,0.186267723,0.228343029,0.273064657,0.015181356,0.218896541,0.026027675,21.1
4-Fluorophenyl β-D-galactopyranoside,0.007358431,0.018295752,0.07405644,0.133991873,0.182037526,0.220952425,0.265264539,0.012052447,0.215181331,0.026857441,79.7
4-Hydroxyphenyl ß-D-galactopyranoside,0.009670667,0.021044452,0.074694932,0.130683194,0.178980396,0.224728065,0.27047881,0.016759284,0.222735015,0.032154377,81.1
4-Methylphenyl β-D-galactopyranoside,0.006925337,0.01810691,0.080308774,0.140303412,0.191275185,0.234827673,0.281450459,0.012904885,0.227988592,0.028514859,88.3
Phenyl β-D-galactopyranoside,0.007403853,0.016876474,0.074396246,0.131119885,0.182794243,0.226343859,0.269940004,0.012647512,0.224141592,0.027364171,79.1
Methyl 4-(β-D-galactopyranosyloxy)benzoate,0.005567918,0.015826075,0.0750313,0.13529807,0.185822076,0.228904785,0.273796548,0.01117334,0.222199249,0.02960124,29.9
4-Acetamidophenyl β-D-galactopyranoside,0.007476368,0.019347563,0.079939316,0.138721681,0.188053975,0.232046668,0.274520089,0.014339091,0.225150613,0.032490509,81.9
4-(Trifluoromethyl)phenyl β-D-galactopyranoside,0.005861632,0.015080113,0.06827657,0.129419841,0.176403242,0.217292827,0.259337316,0.010990238,0.215443287,0.023216718,57.9
4-Nitrophenyl β-D-galactopyranoside,0.006591451,0.015014728,0.065520261,0.128752273,0.177587265,0.218391059,0.260195673,0.011955787,0.208139331,0.026856307,45.6
3-Methylphenyl ß-D-glucopyranoside,0.005990468,0.016701707,0.080691069,0.141527631,0.190448417,0.231905919,0.276972521,0.011940755,0.220952621,0.026228267,79.1
3-Methoxyphenyl ß-D-glucopyranoside,0.006122705,0.016193069,0.077977471,0.136637263,0.186052677,0.230729283,0.273904604,0.011137659,0.22413265,0.029383059,80.7
3-Hydroxyphenyl ß-D-glucopyranoside,0.010391913,0.020283275,0.072564879,0.130873689,0.182730158,0.228187393,0.273006873,0.016588764,0.225980148,0.03216323,90.1
3-Bromophenyl β-D-galactopyranoside,0.00927703,0.022767066,0.076605298,0.133695119,0.182342767,0.225202712,0.271632069,0.016446258,0.213942255,0.025643579,35.9
3-Acetamidophenyl ß-D-galactopyranoside,0.006425742,0.018634244,0.077658717,0.138074957,0.18678128,0.228262745,0.272439032,0.01318436,0.218126003,0.031565065,72.1
4-Trifluoromethoxyphenyl ß-D-glucopyranoside,0.006969299,0.014687956,0.063925276,0.127115613,0.177969667,0.217712779,0.257414964,0.011590793,0.215887765,0.023595568,57.4
Phenyl alpha-D-glucopyranoside,0.007185922,0.015870289,0.075849159,0.138148258,0.188552051,0.232240791,0.276074126,0.012386564,0.225099114,0.02751343,69.7
4-Fluorophenyl alpha-D-glucopyranoside,0.007968155,0.018778728,0.073651818,0.134770652,0.185075322,0.229097693,0.273149931,0.012359316,0.222380756,0.027046323,80.7
4-Bromophenyl alpha-D-glucopyranoside,0.008431145,0.021363114,0.076570217,0.135467664,0.185856297,0.230328236,0.275053832,0.013334019,0.219871949,0.024845364,75.4
4-Ethoxyphenyl β-D-glucopyranoside,0.005815481,0.015741919,0.080999608,0.140152834,0.189152238,0.230711585,0.276039783,0.010777613,0.21937721,0.028181712,31.8
4-Propoxyphenyl β-D-glucopyranoside,0.005398498,0.01553664,0.080131684,0.139228858,0.189508775,0.229952037,0.271105835,0.009683505,0.219708824,0.026472402,39.7
2-Methoxyphenyl β-D-glucopyranoside,0.006040266,0.015988791,0.08057945,0.138305494,0.187577591,0.23096517,0.276800009,0.011448736,0.224846884,0.030473475,54.4
4-Trifluoromethoxyphenyl ß-D-galactopyranoside,0.006407723,0.014421736,0.064431628,0.124919766,0.173220988,0.213847789,0.253235612,0.011103953,0.211760318,0.022844775,72.3
2-Acetamidophenyl β-D-galactopyranoside,0.006317055,0.017577272,0.076888994,0.133291749,0.182004617,0.226309006,0.269208588,0.012599802,0.219334457,0.03050196,27.1
Ethyl 4-(β-D-galactopyranosyloxy)benzoate,0.005314959,0.014700963,0.078370371,0.138226449,0.187092059,0.229293891,0.273510294,0.009835337,0.223494688,0.026984094,76.3
Isopropyl 4-(ß-D-glucopyranosyloxy)benzoate,0.00483225,0.014039024,0.07698854,0.138503059,0.185417537,0.224079481,0.264992776,0.008750378,0.214351382,0.025073494,35.1
Ethyl 4-(β-D-glucopyranosyloxy)benzoate,0.004871162,0.014236954,0.076130284,0.137161228,0.186759149,0.227326365,0.272528335,0.00964079,0.21726968,0.027398322,5.8
4-Pentanamidophenyl β-D-glucopyranoside,0.005855925,0.015851678,0.080638889,0.137092949,0.180937897,0.221744251,0.263171378,0.010976236,0.212699163,0.027745846,17.8
Methyl 3-(β-D-galactopyranosyloxy)benzoate,0.005757968,0.015331423,0.076407182,0.133823945,0.185625064,0.228111466,0.272053178,0.010782983,0.216591961,0.028207784,56.9
4-Methoxyphenyl ß-D-xylopyranoside,0.005533743,0.015500374,0.081890235,0.143188256,0.195664969,0.241249611,0.289760339,0.009879523,0.233918514,0.027709905,47.1
4-Methoxyphenyl ß-D-mannopyranoside,0.005759438,0.016892672,0.079659956,0.139269651,0.189277503,0.232888488,0.277173601,0.011442948,0.222033677,0.029518957,77.7
4-Methoxyphenyl α-D-Mannopyranoside,0.005566063,0.015289032,0.079058037,0.141134017,0.190161479,0.230419641,0.275987608,0.011335238,0.220502723,0.027096942,73.8
4-(β-D-Glucopyranosyloxy)-benzoic acid,0.009127221,0.018643987,0.069308588,0.125812119,0.174459869,0.219388889,0.261895736,0.015118503,0.216843348,0.031181301,73.3
4-(β-D-Galactopyranosyloxy)-benzoic acid,0.008608197,0.019094094,0.069665174,0.124651525,0.173647716,0.216931306,0.261895014,0.015104086,0.210394892,0.031700171,82.5
Benzyl β-D-Glucopyranoside,0.007994088,0.018042154,0.075138196,0.13436393,0.184612488,0.226279806,0.268320079,0.012834947,0.220086791,0.025138765,71.9
N-Phenyl ß-D-glucopyranoside,0.006768793,0.020667069,0.080279424,0.141806578,0.191778081,0.237021061,0.28200422,0.014499963,0.225906244,0.028783825,55.3
S-Phenyl-1-thio-β-D-glucopyranoside,0.006084491,0.016909071,0.073770859,0.134828636,0.184619503,0.226679103,0.271539657,0.011539421,0.224650301,0.027221665,55.3
4-Methoxybenzyl ß-D-glucopyranoside,0.00529247,0.015547719,0.079815503,0.140885273,0.188081876,0.229245115,0.273999244,0.010510197,0.223620625,0.028390706,69.1
N-(4-Methoxyphenyl)-1-ß-D-glucopyranoside,0.007079511,0.015369113,0.072370396,0.132027511,0.181012489,0.22400799,0.265393157,0.01153762,0.217436782,0.027806498,62.1
4-Methoxyphenyl-1-thio-ß-D-glucopyranoside,0.007463355,0.014813431,0.071178278,0.130701004,0.178575773,0.218572164,0.262478917,0.011536608,0.216895681,0.027267592,80
"1,4-Bis-(ß-D-glucopyranosyl)benzene",0.008555831,0.021113312,0.077926207,0.125333593,0.168883333,0.207707399,0.250193005,0.016367822,0.202477987,0.035922012,34.1
"1,4-Bis-(ß-D-galactopyranosyl)benzene",0.009845894,0.022415206,0.078396197,0.125330657,0.167979623,0.208185147,0.249156039,0.017392436,0.198569157,0.037453562,79.2
1-O-(ß-D-Glucopyranosyl)-4-O-(ß-D-galactopyranosyl)benzene,0.00968834,0.021908101,0.077888267,0.125119272,0.167968659,0.207518717,0.249486643,0.01693157,0.198739392,0.036851032,58
"1,3-Bis-(ß-D-glucopyranosyl)benzene",0.009476878,0.021449953,0.078002019,0.125476082,0.167892566,0.207508321,0.249556433,0.017080594,0.197804421,0.036712893,61
(4-Pyridinyl) β-D-glucopyranoside,0.008267012,0.01873979,0.078166862,0.133693931,0.18130088,0.228361397,0.275743585,0.013078245,0.216405779,0.032898263,51.6
4-Methoxyphenyl-6-O-(α-D-galactopyranosyl) β-D-glucopyranoside,0.008205987,0.017550007,0.068686137,0.114195183,0.152729136,0.186443979,0.220795138,0.013806651,0.181516345,0.031154137,66.1
4-Methoxyphenyl-6-O-(α-D-glucopyranosyl) ß-D-glucopyranoside,0.007928869,0.016429621,0.070484798,0.117896648,0.157067194,0.190478873,0.22595096,0.012684241,0.185699792,0.02888775,66.8
4-Methoxyphenyl-6-O-(ß-D-glucopyranosyl) ß-D-glucopyranoside,0.007896691,0.017779702,0.071039113,0.117821886,0.157047902,0.193043787,0.229531975,0.013495136,0.188037614,0.032306068,61.6
4-Methoxyphenyl-4-O-(ß-D-galactopyranosyl) ß-D-glucopyranoside,0.008382841,0.018235719,0.069862931,0.117193694,0.157641405,0.19311666,0.228768095,0.014083497,0.188111285,0.031006378,44.5
2-Amino β-D-galactopyranoside,0.008282624,0.022381,0.079280353,0.137607302,0.188470024,0.233775169,0.281219671,0.015852814,0.22733393,0.034386499,83.9
2-Amino-3-(β-D-galactopyranosyloxy)-benzoic acid,0.008086541,0.022163342,0.075663328,0.130054637,0.177908406,0.221939922,0.26611988,0.016322152,0.215837851,0.034661681,40.5
2-Amino-3-(β-D-glucopyranosyloxy)-benzoic acid,0.008092767,0.019527276,0.073352831,0.130073266,0.17820601,0.220030852,0.262947012,0.014766084,0.214144922,0.03354202,88.6
4-Aminophenyl β-D-glucopyranoside,0.007454073,0.02312397,0.081566376,0.13765496,0.187760564,0.233470863,0.282272955,0.016295469,0.21779965,0.036403123,88.8
4-Acetamidophenyl β-D-glucopyranoside,0.006541756,0.01842231,0.079009813,0.135613678,0.184201525,0.226657109,0.272815836,0.01224539,0.22047913,0.030965776,70.2
"N-(2,2,3,3,4,4,4-Heptafluoro)butyl-D-gluconamide",0.007344746,0.01817907,0.066570638,0.129604827,0.176183158,0.215408781,0.255298155,0.014943184,0.205120836,0.027921319,32.8
N-Phenyl-D-gluconamide,0.00833352,0.021968442,0.078105577,0.140671494,0.191469057,0.236684195,0.283219587,0.016547513,0.229620756,0.03296857,65.7
N-3-Fluorophenyl-D-gluconamide,0.008246304,0.022650509,0.074845792,0.134728733,0.187238371,0.231625522,0.276857914,0.01585178,0.225465444,0.032348017,9.4
N-4-Fluorophenyl-D-gluconamide,0.00716797,0.021346651,0.078336904,0.13892304,0.190565811,0.234121623,0.27786137,0.01502107,0.222839105,0.030647773,90.3
N-Benzyl-D-gluconamide,0.005885284,0.018855867,0.077305976,0.138405053,0.186670578,0.227844283,0.271516771,0.012849734,0.21733685,0.027971839,38.1
N-2-Fluorobenzyl-D-gluconamide,0.006295292,0.019301397,0.078952205,0.138221268,0.185615578,0.226405982,0.270782477,0.013381955,0.215883368,0.028083529,35.4
N-3-Fluorobenzyl-D-gluconamide,0.008627669,0.021813365,0.075613978,0.132548068,0.180222087,0.220643181,0.263787842,0.015293519,0.214688316,0.030513722,30.7
N-4-Fluorobenzyl-D-gluconamide,0.00689453,0.0204253,0.07492644,0.135383484,0.184267671,0.22511641,0.268161736,0.012998165,0.214641426,0.02837408,19.7
N-2-Phenylethyl-D-gluconamide,0.006613594,0.017564472,0.076122297,0.130485356,0.17548479,0.21437216,0.253412063,0.012830687,0.20458376,0.02909507,29.7
N-2-(2-Fluoro)phenylethyl-D-gluconamide,0.006203126,0.018323393,0.075610004,0.136087444,0.181675761,0.219037128,0.261366839,0.012760203,0.209607949,0.028037085,20.6
N-2-(3-Fluoro)phenylethyl-D-gluconamide,0.006626892,0.019768774,0.079297558,0.139296827,0.186881365,0.227664984,0.269400495,0.01296761,0.217210292,0.027884164,30.2
N-2-(4-Fluoro)phenylethyl-D-gluconamide,0.005747376,0.017482801,0.074024713,0.132176867,0.177830923,0.215847811,0.256367663,0.010883881,0.202797023,0.026134024,69
"N-2,5-Difluorobenzyl-D-gluconamide",0.007161618,0.021038844,0.072639239,0.134618774,0.181840599,0.220975542,0.262914264,0.014616911,0.211192208,0.03034281,9.7
N-4-Bromophenyl-D-gluconamide,0.008176384,0.024330986,0.080230295,0.13974335,0.191808251,0.233814394,0.284582141,0.014524525,0.22264013,0.028363034,75
N-2-Fluorophenyl-D-gluconamide,0.008038501,0.022307353,0.075218386,0.133961195,0.184286699,0.229677374,0.273328002,0.016157871,0.218700086,0.032203009,3
"N-3,5-Difluorophenyl-D-gluconamide",0.007787489,0.020705078,0.073350037,0.135004076,0.186313612,0.228291766,0.273186369,0.014309799,0.222560606,0.029797764,4.4
N-3-Bromophenyl-D-gluconamide,0.010483648,0.025944231,0.078485292,0.135347766,0.186365448,0.230886607,0.278564453,0.019523065,0.21948975,0.031906193,40
"N-2,6-Difluorobenzyl-D-gluconamide",0.007422476,0.01964747,0.076900244,0.135372076,0.179886324,0.21970424,0.264160161,0.01403265,0.209253567,0.028397006,12.6
N-4-Methoxyphenyl-D-gluconamide,0.007499787,0.020266066,0.080077167,0.136213223,0.188073495,0.231921639,0.275876372,0.014810808,0.22553426,0.033487958,3.9
N-4-Methoxybenzyl-D-gluconamide,0.006492728,0.018641254,0.079260652,0.135002148,0.179969129,0.222183348,0.263284116,0.013159615,0.215582364,0.030553959,6.5
N-4-Methylbenzyl-D-gluconamide,0.007505135,0.019270973,0.075721587,0.133539148,0.180819094,0.220632545,0.262813623,0.014000024,0.211394029,0.029916423,5
N-2-Methoxybenzyl-D-gluconamide,0.006775614,0.018375551,0.078450441,0.135322588,0.18065965,0.221602258,0.263865057,0.012994414,0.211296753,0.029968791,72.8
N-2-Methoxyphenyl-D-gluconamide,0.007167018,0.019527711,0.078170125,0.133546359,0.180630902,0.221524777,0.265858717,0.014328485,0.215396387,0.03181877,100
2-Phenylhydrazide-D-gluconic acid,0.00897905,0.022490384,0.078959291,0.135104471,0.185087379,0.229933008,0.274169471,0.01667114,0.223566242,0.034121757,81.1
2-(2-Fluoro)phenylhydrazide-D-gluconic acid,0.010358448,0.023398171,0.078920319,0.139034466,0.189753867,0.233033103,0.278451305,0.017699708,0.227071106,0.036778535,68.7
N-1-Naphthyl-D-gluconamide,0.007849147,0.0174413,0.071936588,0.132646928,0.178179397,0.217185421,0.257795333,0.013047602,0.211081271,0.025466065,103.8
1-Deoxy-1-[(2-fluorophenylmethyl)amino]-D-glucitol,0.00584176,0.018206326,0.076439855,0.13657878,0.184829139,0.223334725,0.267915925,0.011532915,0.213361213,0.027012228,30.5
"1,4-Bis-(D-gluconamide)benzene",0.009616055,0.023780558,0.077540448,0.12463792,0.166337507,0.206051114,0.246806906,0.019605959,0.196382106,0.037873908,66.7
N-octyl-D-galactonamide ,0.005673685,0.017935928,0.086333646,0.146904005,0.189137724,0.225276699,0.267513215,0.011706513,0.21255678,0.024297393,72.2
N-Octanoyl-N-methyl-D-glucamine,0.004755077,0.016059973,0.087539274,0.143692103,0.186068687,0.224366844,0.263895605,0.0088928,0.210005124,0.023964903,66.3
N-Methyl-N-octyl-D-gluconamide,0.005672714,0.015695098,0.080947832,0.135192587,0.176362597,0.210683652,0.250063913,0.010761483,0.198625856,0.02473111,71.9
1-O-Octyl-D-glucitol,0.005611044,0.01634048,0.082490167,0.141042627,0.181602226,0.219822869,0.259916244,0.010925052,0.206376516,0.02397711,59.8
N-Octyl-L-Mannonamide,0.006579566,0.018277451,0.088107248,0.148701405,0.191193866,0.228273965,0.272393983,0.012445332,0.211690986,0.025900647,22
N-Octyl-D-gluconamide,0.005219365,0.017031933,0.088036658,0.148505368,0.191866278,0.2273992,0.269914601,0.009658873,0.214381862,0.024307488,72.4
N-Butyl-erythronamide,0.007746687,0.020532763,0.093660388,0.160062332,0.214726769,0.261736725,0.310607286,0.01506986,0.245339439,0.032054927,71.2
N-Pentyl-erythronamide,0.007216717,0.019399672,0.091084657,0.158816152,0.209544414,0.256186218,0.305071215,0.013159566,0.236204611,0.027678727,73.6
N-Hexyl-erythronamide,0.006299444,0.018989391,0.094586872,0.160820738,0.20996151,0.253254185,0.299422917,0.013182809,0.237687926,0.029023886,68.7
N-Octyl-erythronamide,0.004298322,0.016249311,0.09295079,0.156206326,0.203473525,0.247085774,0.292956619,0.008592373,0.227893731,0.02184108,56.3
N-Octyl-D-gluconamide,0.006319715,0.018533692,0.087700985,0.14711703,0.189339431,0.227187811,0.269764616,0.012084005,0.210218722,0.025768995,12.1
D-gluconamide,0.011311826,0.032130865,0.093833577,0.149193963,0.203375485,0.257547966,0.316451005,0.025421817,0.195618228,0.048397972,52.5
N-Methyl-gluconamide,0.010034613,0.02660175,0.09144703,0.151218908,0.204440799,0.25278556,0.304150386,0.020335918,0.226756568,0.042649557,102.5
N-Ethyl-gluconamide,0.008962671,0.025771742,0.09147865,0.150979865,0.201709701,0.249279167,0.302019478,0.018269169,0.232071194,0.039414509,104.3
N-Propyl-gluconamide,0.008642432,0.023231432,0.089633083,0.148523257,0.198897912,0.245905105,0.292998431,0.017150903,0.224382817,0.035653701,87.3
N-Butyl-gluconamide,0.007821326,0.022297839,0.086283996,0.147546694,0.194657579,0.23879612,0.28369086,0.016269757,0.21453094,0.032503513,22.7
N-Pentyl-gluconamide,0.007961854,0.021104401,0.085033199,0.143924199,0.187580675,0.231327511,0.275657288,0.016032464,0.216146806,0.032190345,12.4
N-Hexyl-gluconamide,0.007328121,0.019964403,0.088287459,0.147785026,0.193763236,0.232122813,0.275639992,0.014360333,0.215487604,0.029083153,5.9
N-Heptyl-gluconamide,0.005868085,0.017815038,0.082614338,0.139994615,0.180281914,0.216534223,0.258407053,0.011496368,0.204137797,0.026544906,18.5
N-Nonyl-gluconamide,0.006083257,0.019049175,0.086950924,0.147286146,0.189808051,0.226489073,0.267306878,0.012688545,0.213829764,0.025534377,8.6
4-Methoxyphenyl β-D-xylopyranoside,0.005707175,0.015143519,0.079544998,0.143816678,0.195848834,0.242479284,0.291469821,0.010403442,0.235277782,0.02844605,47.1
Glucitol,0.011239528,0.029860345,0.094677238,0.149572549,0.206516216,0.26383531,0.321144012,0.024961634,0.209410423,0.045511804,82.3
Galactitol,0.012469517,0.02977379,0.090652789,0.150209524,0.207651634,0.264428036,0.320843341,0.023118384,0.194152889,0.046477766,87.9
"N-[5-hydroxy-6-(hydroxymethyl)-2-(4-methoxyphenoxy)-4-3,4,5-trihydroxy-6-(hydroxymethyl)oxan-2-yl]oxyoxan-3-yl]acetamide",0.006294646,0.015123764,0.070466182,0.11706819,0.155873307,0.191532863,0.226015253,0.011154475,0.189795602,0.028582564,50.6
"2-[3,5-dihydroxy-2-(hydroxymethyl)-6-(4-methoxyphenoxy)oxan-4-yl]oxy-6-(hydroxymethyl)oxane-3,4,5-triol",0.007926861,0.017948564,0.071821729,0.119290995,0.163847667,0.199819342,0.237265054,0.013040111,0.197959646,0.032563341,77.8
"2-[3,5-dihydroxy-2-(hydroxymethyl)-6-(4-methoxyphenoxy)oxan-4-yl]oxy-6-(hydroxymethyl)oxane-3,4,5-triol",0.007273643,0.019036572,0.075635352,0.127171307,0.168345693,0.207042442,0.245768202,0.013438418,0.201030234,0.033071354,64.7
"2-[[3,5-dihydroxy-6-(4-methoxyphenoxy)-4-[3,4,5-trihydroxy-6-(hydroxymethyl)oxan-2-yl]oxyoxan-2-yl]methoxy]-6-(hydroxymethyl)oxane-3,4,5-triol",0.008847324,0.018290605,0.071951575,0.121511474,0.164413777,0.201178978,0.237892433,0.014445231,0.19524444,0.033663462,59.1
N-4-(Trifluoromethyl)phenyl-D-gluconamide,0.007945308,0.019086711,0.070357677,0.133139864,0.180496003,0.223431209,0.265455947,0.014550048,0.220710164,0.030367356,27.5
N-4-Methylphenyl-D-gluconamide,0.007574497,0.020768679,0.079349813,0.140625467,0.188240088,0.231622916,0.277430257,0.015923277,0.216241362,0.031113091,5.8
N-3-(Trifluoromethyl)benzyl-D-gluconamide,0.007140491,0.019190789,0.074304082,0.133389155,0.181150896,0.221730316,0.264090537,0.014106209,0.212077905,0.028601373,79.9
N-4-(Trifluoromethyl)benzyl-D-gluconamide,0.006379088,0.017725441,0.075218757,0.135178396,0.182312444,0.220791422,0.259174397,0.012098921,0.215199185,0.025846958,19.8
N-2-Hydroxyphenyl-D-gluconamide,0.008550034,0.021791799,0.07477604,0.136000372,0.186549546,0.230303179,0.274132739,0.016378538,0.22417529,0.032636642,29.7
N-3-(Trifluoromethyl)phenyl-D-gluconamide,0.006682462,0.019111318,0.075102937,0.133594502,0.180941786,0.221502543,0.263244333,0.014447638,0.215377668,0.02771149,86.4
N-4-(Trifluoromethoxy)phenyl-D-gluconamide,0.00639576,0.017218865,0.068395148,0.130724279,0.180110605,0.219965939,0.261825334,0.013002107,0.213640339,0.026710105,14.2
"N-2,5-(Dichloro)phenyl-D-gluconamide",0.008895254,0.026318267,0.082111115,0.141634714,0.189269825,0.232647067,0.28039443,0.01551614,0.217423445,0.02543523,45.5
N-2-Methylbenzyl-D-gluconamide,0.007001536,0.019280636,0.076840798,0.133794724,0.178363294,0.217801936,0.256414924,0.014152392,0.207939357,0.028737222,44.3
N-4-(Trifluoromethoxy)benzyl-D-gluconamide,0.005560417,0.01680062,0.076017716,0.131222917,0.174496093,0.209320227,0.247626655,0.011418691,0.201111228,0.026201783,23.2
N-2-(Trifluoromethoxy)benzyl-D-gluconamide,0.006371257,0.016398314,0.065855492,0.122320182,0.165910985,0.203251196,0.240167368,0.012579662,0.197706926,0.026784374,61
N-4-Chlorophenyl-D-gluconamide,0.00895563,0.026245167,0.080131914,0.139653511,0.187798096,0.233190157,0.280635953,0.018794391,0.221651505,0.03060825,34.5
N-4-Chlorobenzyl-D-gluconamide,0.007975623,0.024058269,0.075887488,0.124211959,0.165806075,0.20266792,0.245241838,0.016415265,0.190181841,0.028638328,6.8
N-2-Methylphenyl-D-gluconamide,0.007813992,0.019634727,0.075784027,0.133504682,0.182104882,0.223222758,0.26574335,0.014744123,0.212790893,0.030377337,90
"N-2,6-Dimethylphenyl-D-gluconamide",0.006751722,0.019165554,0.075456403,0.133280903,0.178293351,0.218946699,0.258470108,0.013501305,0.207931722,0.028009188,32.1
"N-2,5-Dimethylphenyl-D-gluconamide",0.006938157,0.019115513,0.076540098,0.135633494,0.181379027,0.22175484,0.262558351,0.013838862,0.211707964,0.02695538,84.2
D-Galactose,0.013902071,0.029693526,0.092059233,0.150355325,0.20514722,0.260252403,0.318168653,0.026131282,0.159353543,0.047084085,63.8
D-Glucose,0.013013448,0.028363294,0.090490486,0.150427169,0.206966073,0.260723101,0.317792817,0.024478419,0.158783338,0.045724884,76.4
D-Mannose,0.015491103,0.032276175,0.089148481,0.145425142,0.205013727,0.265123655,0.325154373,0.027755587,0.148589366,0.052612741,83.9
D-Talose,0.013690544,0.031438874,0.093798625,0.149074356,0.202710589,0.261254081,0.324125861,0.026788985,0.151529524,0.049129152,87
D-Melibiose,0.009741378,0.023363222,0.078944769,0.125791392,0.169027131,0.21066064,0.25306647,0.017782494,0.196308182,0.038313134,64.1
D-Lactose,0.011413844,0.023903335,0.073534192,0.117014791,0.159007089,0.198384884,0.240409062,0.019670174,0.192902292,0.040795219,72.2
D-Trehalose,0.01101279,0.02486264,0.078713633,0.125672455,0.16819733,0.211448859,0.255016294,0.019668797,0.205283758,0.04006578,79.1
D-Maltose,0.013184632,0.025672461,0.07883402,0.123375868,0.166738337,0.210376665,0.254469043,0.021349697,0.204284875,0.043050977,84.4
D-Sucrose,0.010311943,0.022972764,0.076127787,0.120393542,0.162883846,0.202271555,0.243284772,0.018025927,0.197185657,0.037882822,88
1-(α-D-Galactopyranosyl)-2-propene,0.008732538,0.021180524,0.08399969,0.142113309,0.19725392,0.245642841,0.293969451,0.015530558,0.234604588,0.03410204,64.2
1-(α-D-Glucopyranosyl)-2-propene,0.008281525,0.019448089,0.085203435,0.144295917,0.196882315,0.247847399,0.293559367,0.01362987,0.240401679,0.031082206,80.6
1-(α-D-mannopyranosyl)-2-propene,0.009714875,0.021519855,0.083670325,0.143677908,0.197845443,0.247370394,0.297343367,0.016820572,0.24020881,0.035309222,88.8
1-(α-D-Talopyranosyl)-2-propene,0.00962204,0.02206687,0.084427602,0.145782573,0.198454687,0.242757215,0.296270194,0.016000362,0.236798857,0.032105636,95.4
1-(β-D-Galactopyranosyl)-2-propene,0.01038857,0.02178245,0.081646086,0.14094064,0.194227937,0.241552741,0.290025984,0.016868417,0.234343198,0.036510355,76.9
1-(β-D-Glucopyranosyl)-2-propene,0.009412877,0.01977621,0.081829242,0.14143164,0.194395989,0.240965588,0.290101479,0.015588774,0.233743896,0.034429366,79.4
Allyl β-D-galactopyranosyl-(1→3)-2-acetamido-2-deoxy-β-D-galactopyranoside,0.006190668,0.017848933,0.074710615,0.120352202,0.158176965,0.193986389,0.230038804,0.011817813,0.185946741,0.029162188,66.2
Allyl β-D-galactopyranosyl-(1→4)-2-acetamido-2-deoxy-β-D-galactopyranoside,0.006927895,0.018993543,0.077767637,0.126049691,0.165195044,0.202162259,0.240200439,0.013510037,0.193413618,0.032422952,61.4
Allyl β-D-galactopyranosyl-(1→6)-2-acetamido-2-deoxy-β-D-galactopyranoside,0.007158701,0.019259403,0.080953196,0.130490117,0.171499307,0.207894864,0.249648488,0.013596027,0.199155193,0.032515971,52.6
Allyl β-D-galactopyranosyl-(1→3)-β-D-galactopyranoside,0.008214983,0.018404012,0.069075012,0.112944721,0.149247977,0.184294939,0.218283605,0.013998572,0.175633505,0.030486912,70.3
Allyl-β-D-galactopyranoside,0.008788738,0.02137278,0.081655808,0.141446272,0.19069487,0.237531691,0.283883007,0.015929828,0.227243168,0.031308141,84.7
1-α-Hydroxyl-2-acetamido-2-deoxy-β-D-galactopyranoside,0.010108484,0.025527196,0.086542878,0.142246278,0.194535336,0.243938306,0.296845617,0.018924824,0.221197437,0.041255568,89.3
Allyl 2-acetamido-2-deoxy-β-D-galactopyranoside,0.006180125,0.017997907,0.08572887,0.144407089,0.192388387,0.235230137,0.281164877,0.012486835,0.225666899,0.029479278,83.4
Octyl-β-D-glucopyranoside,0.005614198,0.01581574,0.082445581,0.141020398,0.182683558,0.217857239,0.258348269,0.009853436,0.209281285,0.022152297,84.6
Octyl-β-D-galactopyranoside,0.005440736,0.0153934,0.084309815,0.143787511,0.185768875,0.220725227,0.261333277,0.009571733,0.208253456,0.021663849,20.9
L-Lysine butyl ester dihydrochloride,0.016979277,0.03249654,0.099989171,0.194779233,0.245902746,0.313599332,0.407601961,0.023241885,0.228495268,0.019680269,41.7
L-Lysine hexyl ester dihydrochloride,0.014201361,0.027892919,0.095305682,0.18409149,0.229967499,0.291618667,0.369214271,0.019714602,0.213995963,0.017326341,19.3
L-Lysine octyl ester dihydrochloride,0.012290806,0.02672836,0.095920635,0.182775667,0.231282965,0.291366585,0.366962103,0.01736631,0.214244762,0.014459997,9.9
L-Lysine decyl ester dihydrochloride,0.010930407,0.023900892,0.092146317,0.177022858,0.22374686,0.27959135,0.352515552,0.016154786,0.207848452,0.013703704,5.8
L-Lysine dodecyl ester dihydrochloride,0.010984574,0.023081864,0.092134811,0.174448708,0.219498921,0.270270806,0.339618946,0.015024058,0.208523316,0.01255153,81.2
L-Lysine tetradecyl ester dihydrochloride,0.008870649,0.02109618,0.091154968,0.169375211,0.210287488,0.258647619,0.320541355,0.013290477,0.199489027,0.011559436,72
Nα-ethanoyl-Nε -dodecanoyl-L-lysine,0.001995891,0.010158123,0.085178003,0.147710819,0.188315559,0.222653121,0.262547636,0.004887029,0.207811804,0.015632495,69.6
4-Aminophenyl-β-D-Galactopyranoside,0.008255327,0.022132624,0.075805317,0.13132125,0.180204316,0.226027508,0.270845594,0.016389457,0.214706138,0.032323581,67.5
4-Methoxyphenyl-6-O-Methyl-β-D-glucopyranoside,0.005438901,0.012177096,0.074408233,0.137760285,0.182822166,0.223950228,0.263941507,0.007882388,0.218100741,0.023209935,70.4
4-Methoxyphenyl-6-deoxy-β-D-Gluco-heptopyranose,0.006259311,0.016111484,0.073693625,0.131579586,0.178910912,0.220309967,0.262200224,0.011295825,0.214201621,0.028960109,59.5
2-(α-D-galactopyranosyl)ethanoic acid,0.01194008,0.023928324,0.08216145,0.134260549,0.186086429,0.23598945,0.288046503,0.019739467,0.223683,0.042888011,76.2
2-(α-D-galactopyranosyl)acetamide,0.01076697,0.026732559,0.087568763,0.142434412,0.194017652,0.241108119,0.291747563,0.019884825,0.21936142,0.044712009,71
N-Methyl-2-(α-D-galactopyranosyl)ethylamide,0.009330738,0.022738524,0.087268202,0.14247047,0.19012464,0.237080269,0.287014752,0.017431463,0.220544844,0.03869775,80.4
N-Ethyl-2-(α-D-galactopyranosyl)ethylamide,0.008418212,0.021620572,0.085659341,0.145219128,0.190649643,0.236920554,0.283188872,0.016090028,0.221044067,0.035516254,83.8
N-Propyl-2-(α-D-galactopyranosyl)ethylamide,0.007718691,0.019482981,0.0854822,0.142495696,0.187297146,0.22662017,0.271800808,0.014907199,0.216618108,0.033775462,67.6
N-Butyl-2-(α-D-galactopyranosyl)ethylamide,0.007565761,0.018982934,0.084452291,0.141523326,0.185756205,0.226432308,0.268447195,0.013864225,0.212187217,0.031855783,76.4
N-Pentyl-2-(α-D-galactopyranosyl)ethylamide,0.0066302,0.018284934,0.083541775,0.139295342,0.182862521,0.221832691,0.263287267,0.012617376,0.212221552,0.029719345,59.6
N-Hexyl-2-(α-D-galactopyranosyl)ethylamide,0.006665374,0.017554791,0.081497474,0.138626105,0.17800284,0.215317775,0.254285413,0.012415512,0.202494753,0.0282808,55.9
N-Heptyl-2-(α-D-galactopyranosyl)ethylamide,0.005913991,0.016180366,0.081054539,0.138626546,0.178830015,0.213951828,0.252841759,0.011639697,0.2015711,0.02648285,9.2
N-Octyl-2-(α-D-galactopyranosyl)ethylamide,0.005826581,0.016022323,0.082877899,0.138019641,0.181424799,0.217052437,0.25498836,0.011076214,0.203638189,0.025307773,9
N-(4-aminobutyl)-2-(α-D-galactopyranosyl)ethylamide (hydrochloride),0.014091876,0.029588801,0.090756215,0.158481504,0.206926407,0.262757337,0.331013888,0.022105307,0.18922432,0.035053779,67.9
N-(4-carboxybutyl)-2-(α-D-galactopyranosyl)ethylamide,0.008095923,0.019637591,0.078726973,0.129385481,0.17355937,0.215839524,0.261289279,0.014781248,0.205740715,0.035107337,74.4
N-(5-hydroxypentyl)-2-(α-D-galactopyranosyl)ethylamide,0.008205909,0.020302976,0.083693356,0.134984491,0.180147745,0.220900287,0.265438789,0.015887726,0.202676938,0.036679145,40.9
N-(isopropyl)-2-(α-D-galactopyranosyl)ethylamide,0.007596043,0.020373575,0.081864984,0.137434357,0.181822508,0.225827156,0.268129742,0.015026559,0.218519684,0.0338872,72.2
N-(isobutyl)-2-(α-D-galactopyranosyl)ethylamide,0.007443007,0.018935732,0.083416861,0.137026405,0.18315431,0.22271111,0.266120322,0.013857436,0.209311671,0.03214037,79.1
N-(sec-butyl)-2-(α-D-galactopyranosyl)ethylamide,0.006230603,0.017329458,0.079554135,0.136538928,0.18110366,0.220101963,0.260599045,0.012661065,0.210614857,0.028118513,80.8
N-(1-ethylpropyl)-2-(α-D-galactopyranosyl)ethylamide,0.006890458,0.017480953,0.08059644,0.136606101,0.177709221,0.215983875,0.256050799,0.012634976,0.201871419,0.028465679,85.1
N-Cyclopropyl-2-(α-D-galactopyranosyl)ethylamide,0.009027457,0.020378141,0.081116365,0.134424328,0.182313442,0.22595444,0.2697514,0.015736853,0.214892815,0.033968358,69.6
N-Cyclopentyl-2-(α-D-galactopyranosyl)ethylamide,0.007481917,0.018066664,0.08078626,0.137836373,0.180635139,0.217554728,0.256581479,0.012606058,0.205214526,0.029519177,60.3
N-Allyl-2-(α-D-galactopyranosyl)ethylamide,0.008399755,0.020232238,0.081356534,0.138372368,0.187837984,0.232158272,0.275295361,0.015259067,0.225053291,0.034659791,40.6
N-Propargyl-2-(α-D-galactopyranosyl)ethylamide,0.007823576,0.023559549,0.081933362,0.137482649,0.187165401,0.233564639,0.281896034,0.016248126,0.223213361,0.034890875,44.6
Z-N-(1-propenyl)-2-(α-D-galactopyranosyl)ethylamide,0.007228394,0.018483294,0.080499824,0.137005691,0.185610653,0.229017164,0.27299565,0.013275093,0.219438364,0.032558105,57.6
E-N-(1-propenyl)-2-(α-D-galactopyranosyl)ethylamide,0.008168595,0.019939174,0.081259758,0.13974052,0.189257201,0.231658744,0.278201261,0.014826872,0.220556055,0.033345539,54.3
E-N-(crotyl)-2-(α-D-galactopyranosyl)ethylamide,0.007961145,0.020059551,0.083288185,0.142305127,0.187030328,0.228357148,0.270710871,0.014595684,0.214347936,0.031181059,69.1
N-Nonyl-2-(α-D-galactopyranosyl)ethylamide,0.005103069,0.015628265,0.082350521,0.135231906,0.175684997,0.210060049,0.246332101,0.010466229,0.198496532,0.024304545,29.1
N-Decyl-2-(α-D-galactopyranosyl)ethylamide,0.004946124,0.015965515,0.085162831,0.140257698,0.180163153,0.215728014,0.256395185,0.009974614,0.200831619,0.022891411,28.6
N-Dodecyl-2-(α-D-galactopyranosyl)ethylamide,0.004375477,0.013682955,0.080993058,0.133615347,0.171324784,0.20279326,0.23780806,0.008652051,0.191599248,0.021253917,60.6
N-Tetradecyl-2-(α-D-galactopyranosyl)ethylamide,0.004263896,0.014089866,0.083248697,0.142333534,0.179265754,0.211380479,0.248125525,0.008016627,0.200443965,0.019763993,57.4
N-Hexadecyl-2-(α-D-galactopyranosyl)ethylamide,0.003653142,0.014032892,0.087337537,0.143665376,0.181180773,0.21391041,0.250766687,0.007629993,0.202092569,0.018759705,54
"N-(3,5-difluorobenzyl)-D-gluconamide",0.006507276,0.020153453,0.072109943,0.132579868,0.182978907,0.222767604,0.264930135,0.01216244,0.217145179,0.029024272,71.4
