Name,0,1,2,3,4,5,6,7,8,9,10,11,12,13,14,15,16,17,18,19,20,21,22,23,24,25,26,27,28,29,30,31,32,33,34,35,36,37,38,39,40,41,42,43,44
4-methoxyphenyl ß-d-galactopyranoside,2.91993,1039.05491,-1.38,-1.1261,286.10525,1.3,0.22872,0.53846,4,7,0.55693,27.35774,13.42423,4.79124,0.98382,0.53846,-1.38,0.00129,4.08464,6.38,3.02382,0.17918,0.90507,0,1,1,0,1,0,1,7,4,7,1,7,4,2,9,0,1,1,0.83637,701.41218,0.20035,108.61
4-methoxyphenyl ß-d-glucopyranoside,2.91993,1039.05491,-1.38,-1.1261,286.10525,1.3,0.22872,0.53846,4,7,0.49022,27.35774,13.42423,4.79124,0.97667,0.53846,-1.38,0.00118,4.08464,6.38,3.02382,0.21473,0.89927,0,1,1,0,1,0,1,7,4,7,1,7,4,2,9,0,1,1,0.76051,763.51882,0.18407,108.61
4-methoxyphenyl α-d-galactopyranoside,2.91993,1039.05491,-1.38,-1.1261,286.10525,1.3,0.22872,0.53846,4,7,0.55873,27.35774,13.42423,4.79124,0.98394,0.53846,-1.38,0.00138,4.08464,6.38,3.02382,0.1785,0.91419,0,1,1,0,1,0,1,7,4,7,1,7,4,2,9,0,1,1,0.85388,660.10683,0.1977,108.61
4-methoxyphenyl α-d-glucopyranoside,2.91993,1039.05491,-1.38,-1.1261,286.10525,1.3,0.22872,0.53846,4,7,0.4828,27.35774,13.42423,4.79124,0.97562,0.53846,-1.38,0.00112,4.08464,6.38,3.02382,0.21947,0.91286,0,1,1,0,1,0,1,7,4,7,1,7,4,2,9,0,1,1,1.02256,811.73801,0.27003,108.61
4-bromophenyl ß-d-glucopyranoside,2.95217,939.29243,-0.7,-0.3722,334.0052,1.31579,0.22872,0.5,4,6,0.63178,23.82745,11.70497,5.36497,0.98975,0.5,-0.7,0.0011,4.65538,6.16731,3.24997,0.14283,0.87974,0,1,1,0,1,0,1,6,4,7,1,6,4,2,7,0,1,1,0.65957,803.30071,0.15379,99.38
4-chlorophenyl β-d-glucopyranoside,2.95217,939.29243,-0.89,-0.4813,290.05572,1.31579,0.22872,0.5,4,6,0.53172,23.82745,11.70497,4.94994,0.98136,0.5,-0.89,0.0011,4.55675,6.04202,3.16896,0.19216,0.84002,0,1,1,0,1,0,1,6,4,7,1,6,4,2,7,0,1,1,0.68411,762.53727,0.16279,99.38
4-fluorophenyl ß-d-glucopyranoside,2.95217,939.29243,-1.25,-0.9956,274.08527,1.31579,0.22872,0.5,4,6,0.46594,23.82745,11.70497,4.57198,0.97343,0.5,-1.25,0.00107,4.372,5.80669,3.01779,0.22898,0.80769,0,1,1,0,1,0,1,6,4,7,1,6,4,2,7,0,1,1,0.61524,751.86394,0.13994,99.38
4-hydroxyphenyl ß-d-glucopyranoside,2.94967,951.69595,-1.38,-1.4291,272.0896,1.26316,0.29309,0.5,5,7,0.44785,24.85774,12.12836,4.58712,0.97115,0.5,-1.38,0.00118,4.06082,5.72238,2.96396,0.23849,0.83876,0,1,1,0,1,0,1,7,5,7,1,7,5,2,8,0,1,1,0.74768,710.84545,0.19049,119.61
4-methylphenyl ß-d-glucopyranoside,2.97115,1020.91589,-1.18,-0.82628,270.11034,1.36842,0.22872,0.53846,4,6,0.497,26.94949,13.26599,4.63299,0.97712,0.53846,-1.18,0.00145,3.71871,5.85223,3.04695,0.21269,0.93659,0,1,1,0,1,0,1,6,4,6,1,6,4,2,8,0,1,1,0.90876,647.39727,0.23167,99.38
phenyl ß-d-glucopyranoside,2.95217,933.89579,-1.18,-1.1347,256.09469,1.27778,0.22872,0.5,4,6,0.40524,24.44949,12.01599,4.38299,0.96361,0.5,-1.18,0.00106,3.68037,5.64026,2.62777,0.26733,0.77507,0,1,1,0,1,0,1,6,4,6,1,6,4,2,7,0,1,1,0.62602,730.98671,0.14191,99.38
4-(methoxycarbonyl)phenyl ß-d-glucopyranoside,2.90785,1133.3386,-1.71,-1.3481,314.10017,1.40909,0.33735,0.5,4,8,0.57637,28.26599,13.87836,5.24537,0.98557,0.5,-1.71,0.00095,4.89083,7.03333,3.36829,0.16925,0.86319,0,1,1,0,1,0,1,8,4,8,1,8,4,2,9,0,1,1,0.70837,908.58311,0.11245,125.68
4-trifluoromethylphenyl ß-d-glucopyranoside,2.97115,1032.61629,-1.39,-0.1159,324.08207,1.22727,0.41591,0.53846,4,6,0.541,25.08338,12.33293,5.19994,0.98219,0.53846,-1.39,0.00107,5.91335,6.38659,3.49944,0.18788,0.91967,0,1,1,0,1,0,1,6,4,9,1,6,4,2,7,0,1,1,0.9158,858.83688,0.27345,99.38
4-nitrophenyl ß-d-glucopyranoside,2.9684,1032.84442,-1.78,-1.2265,301.07977,1.38095,0.2692,0.5,4,9,0.52037,24.7132,12.10474,4.97175,0.98007,0.5,-1.78,0.0012,5.14365,6.32782,3.28147,0.19867,0.91461,0,1,1,0,1,0,1,8,4,9,1,9,4,2,8,0,1,1,0.79923,759.79775,0.22158,142.52
4-bromophenyl ß-d-galactopyranoside,2.95217,939.29243,-0.7,-0.3722,334.0052,1.31579,0.22872,0.5,4,6,0.65374,23.82745,11.70497,5.36497,0.99106,0.5,-0.7,0.00131,4.65538,6.16731,3.24997,0.13341,0.94057,0,1,1,0,1,0,1,6,4,7,1,6,4,2,7,0,1,1,0.93073,716.96586,0.30305,99.38
4-chlorophenyl ß-d-galactopyranoside,2.95217,939.29243,-0.89,-0.4813,290.05572,1.31579,0.22872,0.5,4,6,0.54758,23.82745,11.70497,4.94994,0.98297,0.5,-0.89,0.00127,4.55675,6.04202,3.16896,0.18376,0.89495,0,1,1,0,1,0,1,6,4,7,1,6,4,2,7,0,1,1,0.79636,704.64347,0.22402,99.38
4-fluorophenyl β-d-galactopyranoside,2.95217,939.29243,-1.25,-0.9956,274.08527,1.31579,0.22872,0.5,4,6,0.41582,23.82745,11.70497,4.57198,0.96598,0.5,-1.25,0.00117,4.372,5.80669,3.01779,0.25863,0.88633,0,1,1,0,1,0,1,6,4,7,1,6,4,2,7,0,1,1,0.8733,756.18798,0.28682,99.38
4-hydroxyphenyl ß-d-galactopyranoside,2.94967,951.69595,-1.38,-1.4291,272.0896,1.26316,0.29309,0.5,5,7,0.46319,24.85774,12.12836,4.58712,0.97332,0.5,-1.38,0.00116,4.06082,5.72238,2.96396,0.22945,0.84565,0,1,1,0,1,0,1,7,5,7,1,7,5,2,8,0,1,1,0.71699,729.92012,0.17289,119.61
4-methylphenyl β-d-galactopyranoside,2.97115,1020.91589,-1.18,-0.82628,270.11034,1.36842,0.22872,0.53846,4,6,0.3822,26.94949,13.26599,4.63299,0.96,0.53846,-1.18,0.0011,3.71871,5.85223,3.04695,0.28,0.86952,0,1,1,0,1,0,1,6,4,6,1,6,4,2,8,0,1,1,0.81519,792.06579,0.23011,99.38
phenyl β-d-galactopyranoside,2.95217,933.89579,-1.18,-1.1347,256.09469,1.27778,0.22872,0.5,4,6,0.40116,24.44949,12.01599,4.38299,0.96362,0.5,-1.18,0.0012,3.68037,5.64026,2.62777,0.26728,0.83356,0,1,1,0,1,0,1,6,4,6,1,6,4,2,7,0,1,1,0.84401,696.7375,0.24622,99.38
methyl 4-(β-d-galactopyranosyloxy)benzoate,2.90785,1133.3386,-1.71,-1.3481,314.10017,1.40909,0.33735,0.5,4,8,0.55792,28.26599,13.87836,5.24537,0.98364,0.5,-1.71,0.00118,4.89083,7.03333,3.36829,0.18014,0.94337,0,1,1,0,1,0,1,8,4,8,1,8,4,2,9,0,1,1,0.83423,797.55891,0.19324,125.68
4-acetamidophenyl β-d-galactopyranoside,2.92706,1170.53967,-1.71,-1.1763,313.11615,1.5,0.22872,0.5,5,8,0.55793,29.30495,14.36454,5.28433,0.98396,0.5,-1.71,0.00097,4.65106,7.03333,3.72935,0.17836,0.88595,0,1,1,1,1,0,1,7,5,8,1,8,5,2,9,0,1,1,0.78638,917.53768,0.13553,128.48
4-(trifluoromethyl)phenyl β-d-galactopyranoside,2.97115,1032.61629,-1.39,-0.1159,324.08207,1.22727,0.41591,0.53846,4,6,0.53986,25.08338,12.33293,5.19994,0.98209,0.53846,-1.39,0.00103,5.91335,6.38659,3.49944,0.18842,0.91797,0,1,1,0,1,0,1,6,4,9,1,6,4,2,7,0,1,1,0.79433,894.09369,0.21213,99.38
4-nitrophenyl β-d-galactopyranoside,2.9684,1032.84442,-1.78,-1.2265,301.07977,1.38095,0.2692,0.5,4,9,0.59488,24.7132,12.10474,4.97175,0.98669,0.5,-1.78,0.00149,5.14365,6.32782,3.28147,0.16259,0.96526,0,1,1,0,1,0,1,8,4,9,1,9,4,2,8,0,1,1,0.83102,648.58843,0.24305,142.52
3-methylphenyl ß-d-glucopyranoside,3.00942,1050.16589,-1.18,-0.82628,270.11034,1.47368,0.22872,0.53846,4,6,0.27312,26.94949,13.26599,4.63299,0.93232,0.53846,-1.18,0.0009,3.71871,5.85223,3.04695,0.36164,0.83985,0,1,1,0,1,0,1,6,4,6,1,6,4,2,8,0,1,1,0.84105,934.96287,0.26717,99.38
3-methoxyphenyl ß-d-glucopyranoside,2.96447,1068.30491,-1.38,-1.1261,286.10525,1.4,0.22872,0.53846,4,7,0.41799,27.35774,13.42423,4.79124,0.96643,0.53846,-1.38,0.00102,4.08464,6.38,3.02382,0.25693,0.87623,0,1,1,0,1,0,1,7,4,7,1,7,4,2,9,0,1,1,0.80698,862.22004,0.19687,108.61
3-hydroxyphenyl ß-d-glucopyranoside,2.96376,980.94595,-1.38,-1.4291,272.0896,1.36842,0.2931,0.5,5,7,0.42867,24.85774,12.12836,4.58712,0.96678,0.5,-1.38,0.00141,4.06082,5.72238,2.96396,0.25561,0.96067,0,1,1,0,1,0,1,7,5,7,1,7,5,2,8,0,1,1,0.86788,682.716,0.29057,119.61
3-bromophenyl β-d-galactopyranoside,2.95217,939.29243,-0.7,-0.3722,334.0052,1.42105,0.22872,0.5,4,6,0.36275,23.82745,11.70497,5.36497,0.95574,0.5,-0.7,0.00083,4.65538,6.16731,3.24997,0.29421,0.89047,0,1,1,0,1,0,1,6,4,7,1,6,4,2,7,0,1,1,1.07391,1069.42396,0.45997,99.38
2-bromophenyl β-d-galactopyranoside,2.95217,939.29243,-0.7,-0.3722,334.0052,1.36842,0.22878,0.5,4,6,0.25642,23.82745,11.70497,5.36497,0.92481,0.5,-0.7,0.00065,4.65538,6.16731,3.07338,0.38043,0.75348,0,1,1,0,1,0,1,6,4,7,1,6,4,2,7,0,1,1,0.73542,1159.95727,0.19212,99.38
3-acetamidophenyl ß-d-galactopyranoside,2.99225,1199.78967,-1.71,-1.1763,313.11615,1.59091,0.22872,0.5,5,8,0.37403,29.30495,14.36454,5.28433,0.95785,0.5,-1.71,0.0008,4.65106,7.03333,3.72935,0.28728,0.90615,0,1,1,1,1,0,1,7,5,8,1,8,5,2,9,0,1,1,0.89325,1130.96726,0.24266,128.48
4-trifluoromethoxyphenyl ß-d-glucopyranoside,2.91993,1050.75531,-1.59,-0.2361,340.07699,1.17391,0.5726,0.53846,4,7,0.69259,25.49163,12.49118,5.35819,0.99313,0.53846,-1.59,0.00134,6.37276,6.88876,4.45387,0.11705,0.97168,0,1,1,0,1,0,1,7,4,10,1,7,4,2,8,0,1,1,0.92649,727.11218,0.22849,108.61
phenyl alpha-d-glucopyranoside,2.95217,933.89579,-1.18,-1.1347,256.09469,1.27778,0.22872,0.5,4,6,0.27848,24.44949,12.01599,4.38299,0.93409,0.5,-1.18,0.00103,3.68037,5.64026,2.62777,0.35705,0.82609,0,1,1,0,1,0,1,6,4,6,1,6,4,2,7,0,1,1,1.0333,802.89873,0.39346,99.38
4-fluorophenyl alpha-d-glucopyranoside,2.95217,939.29243,-1.25,-0.9956,274.08527,1.31579,0.22872,0.5,4,6,0.45603,23.82745,11.70497,4.57198,0.97128,0.5,-1.25,0.00138,4.372,5.80669,3.01779,0.23793,0.95368,0,1,1,0,1,0,1,6,4,7,1,6,4,2,7,0,1,1,1.01994,691.16021,0.36456,99.38
4-bromophenyl alpha-d-glucopyranoside,2.95217,939.29243,-0.7,-0.3722,334.0052,1.31579,0.22872,0.5,4,6,0.6519,23.82745,11.70497,5.36497,0.99088,0.5,-0.7,0.00137,4.65538,6.16731,3.24997,0.13472,0.95396,0,1,1,0,1,0,1,6,4,7,1,6,4,2,7,0,1,1,0.95807,694.35873,0.32651,99.38
4-ethoxyphenyl β-d-glucopyranoside,2.8987,1133.08971,-1.38,-0.736,300.1209,1.28571,0.22872,0.57143,4,7,0.48189,29.85774,14.67423,5.04124,0.97567,0.57143,-1.38,0.00097,4.12267,7.05752,3.63416,0.21923,0.89271,0,1,1,0,1,0,1,7,4,7,1,7,4,2,10,0,1,1,0.87449,922.77187,0.19013,108.61
4-propoxyphenyl β-d-glucopyranoside,2.88385,1228.22064,-1.38,-0.3459,314.13655,1.27273,0.22872,0.6,4,7,0.53152,32.35774,15.92423,5.29124,0.98121,0.6,-1.38,0.00104,4.17172,7.75333,3.87585,0.19294,0.92078,0,1,1,0,1,0,1,7,4,7,1,7,4,2,11,0,1,1,0.97981,882.76972,0.21928,108.61
2-methoxyphenyl β-d-glucopyranoside,3.01279,1068.30491,-1.38,-1.1261,286.10525,1.35,0.22893,0.53846,4,7,0.2706,27.35774,13.42423,4.79124,0.9299,0.53846,-1.38,0.00097,4.08464,6.38,2.8652,0.36782,0.91099,0,1,1,0,1,0,1,7,4,7,1,7,4,2,9,0,1,1,0.96658,935.03899,0.36512,108.61
4-trifluoromethoxyphenyl ß-d-galactopyranoside,2.91993,1050.75531,-1.59,-0.2361,340.07699,1.17391,0.5726,0.53846,4,7,0.67389,25.49163,12.49118,5.35819,0.99227,0.53846,-1.59,0.00118,6.37276,6.88876,4.45387,0.12412,0.93218,0,1,1,0,1,0,1,7,4,10,1,7,4,2,8,0,1,1,0.78967,789.60448,0.15931,108.61
2-acetamidophenyl β-d-galactopyranoside,3.06382,1199.78967,-1.71,-1.1763,313.11615,1.54545,0.22884,0.5,5,8,0.24267,29.30495,14.36454,5.28433,0.92118,0.5,-1.71,0.00071,4.65106,7.03333,3.54193,0.38915,0.85379,0,1,1,1,1,0,1,7,5,8,1,8,5,2,9,0,1,1,0.9623,1210.3859,0.32885,128.48
ethyl 4-(β-d-galactopyranosyloxy)benzoate,2.87299,1228.65545,-1.71,-0.958,328.11582,1.3913,0.33761,0.53333,4,8,0.65373,30.76599,15.12836,5.49537,0.99073,0.53333,-1.71,0.00123,4.90077,7.71144,3.98125,0.13586,0.9927,0,1,1,0,1,0,1,8,4,8,1,8,4,2,10,0,1,1,0.95345,804.22565,0.18815,125.68
isopropyl 4-(ß-d-glucopyranosyloxy)benzoate,2.89185,1307.47649,-1.71,-0.5695,342.13147,1.41667,0.33788,0.5625,4,8,0.5962,33.26599,16.37836,5.74537,0.98693,0.5625,-1.71,0.00092,4.92557,7.90883,4.22154,0.16118,0.95132,0,1,1,0,1,0,1,8,4,8,1,8,4,2,11,0,1,1,0.95328,1029.25106,0.17994,125.68
ethyl 4-(β-d-glucopyranosyloxy)benzoate,2.87299,1228.65545,-1.71,-0.958,328.11582,1.3913,0.33761,0.53333,4,8,0.57873,30.76599,15.12836,5.49537,0.98579,0.53333,-1.71,0.00087,4.90077,7.71144,3.98125,0.16801,0.8707,0,1,1,0,1,0,1,8,4,8,1,8,4,2,10,0,1,1,0.67411,995.93659,0.09242,125.68
4-pentanamidophenyl β-d-glucopyranoside,2.8843,1460.41837,-1.71,-0.006,355.1631,1.44,0.22872,0.58824,5,8,0.63887,36.80495,18.11454,6.03433,0.9901,0.58824,-1.71,0.00088,4.76291,9.11662,5.13096,0.14037,0.94344,0,1,1,1,1,0,1,7,5,8,1,8,5,2,12,0,1,1,0.88043,1067.43777,0.13311,128.48
methyl 3-(β-d-galactopyranosyloxy)benzoate,2.96628,1162.5886,-1.71,-1.3481,314.10017,1.5,0.33748,0.5,4,8,0.32133,28.26599,13.87836,5.24537,0.9462,0.5,-1.71,0.00063,4.89083,7.03333,3.36829,0.32358,0.79994,0,1,1,0,1,0,1,8,4,8,1,8,4,2,9,0,1,1,0.80014,1264.4297,0.22062,125.68
4-methoxyphenyl ß-d-xylopyranoside,2.7744,930.38602,-1.34,-0.487,256.09469,1.38889,0.22838,0.5,3,6,0.55065,24.44949,12.06186,4.33712,0.98255,0.5,-1.34,0.00184,3.60604,5.53444,2.72906,0.18599,0.9749,0,1,1,0,1,0,1,6,3,6,1,6,3,2,7,0,1,1,0.91615,530.02773,0.26302,88.38
4-methoxyphenyl ß-d-mannopyranoside,2.91993,1039.05491,-1.38,-1.1261,286.10525,1.3,0.22872,0.53846,4,7,0.61955,27.35774,13.42423,4.79124,0.9885,0.53846,-1.38,0.00173,4.08464,6.38,3.02382,0.15122,0.97765,0,1,1,0,1,0,1,7,4,7,1,7,4,2,9,0,1,1,0.89228,566.28266,0.20855,108.61
4-methoxyphenyl α-d-mannopyranoside,2.91993,1039.05491,-1.38,-1.1261,286.10525,1.3,0.22872,0.53846,4,7,0.51376,27.35774,13.42423,4.79124,0.97868,0.53846,-1.38,0.00141,4.08464,6.38,3.02382,0.20538,0.96616,0,1,1,0,1,0,1,7,4,7,1,7,4,2,9,0,1,1,0.99539,683.52327,0.29871,108.61
4-(β-d-glucopyranosyloxy)-benzoic acid,2.95677,1044.60335,-1.71,-1.4365,300.08452,1.33333,0.33518,0.46154,5,8,0.58936,25.76599,12.58248,5.04124,0.98641,0.46154,-1.71,0.00133,4.89988,6.37331,3.31044,0.16433,0.94648,0,1,1,0,1,0,1,8,5,8,1,8,5,2,8,0,1,1,0.94747,712.28987,0.23794,136.68
4-(β-d-galactopyranosyloxy)-benzoic acid,2.95677,1044.60335,-1.71,-1.4365,300.08452,1.33333,0.33518,0.46154,5,8,0.54474,25.76599,12.58248,5.04124,0.98273,0.46154,-1.71,0.00112,4.89988,6.37331,3.31044,0.18507,0.88285,0,1,1,0,1,0,1,8,5,8,1,8,5,2,8,0,1,1,0.72663,787.62459,0.14846,136.68
benzyl β-d-glucopyranoside,2.93503,1026.42566,-1.02,-0.9969,270.11034,1.26316,0.21085,0.53846,4,6,0.33391,26.94949,13.26599,4.63299,0.94926,0.53846,-1.02,0.00109,3.7908,6.42411,3.3,0.31448,0.87912,0,1,1,0,1,0,1,6,4,6,1,6,4,2,8,0,1,1,0.99193,809.05292,0.32251,99.38
n-phenyl ß-d-glucopyranoside,3.04838,969.67922,-1.18,-1.1016,255.11067,1.33333,0.21082,0.5,5,6,0.27569,25.48846,12.50217,4.42196,0.93319,0.5,-1.18,0.001,3.47201,5.64026,2.62777,0.35939,0.832,0,1,1,0,1,0,1,6,5,6,1,6,5,2,7,0,1,1,1.05263,827.99753,0.40277,102.18
s-phenyl-1-thio-β-d-glucopyranoside,2.95217,937.79593,-0.63,-0.4214,272.07184,1.27778,0.21076,0.5,4,5,0.30968,24.44949,12.01599,5.19949,0.94288,0.5,-0.63,0.0011,3.94038,6.00835,2.8502,0.33313,0.88136,0,1,1,0,1,0,1,6,4,6,1,5,4,2,7,0,1,1,0.86708,804.29618,0.29037,90.15
4-methoxybenzyl ß-d-glucopyranoside,2.91187,1133.08971,-1.22,-0.9883,300.1209,1.33333,0.21085,0.57143,4,7,0.41378,29.85774,14.67423,5.04124,0.96504,0.57143,-1.22,0.00094,4.19491,7.16766,3.70472,0.26212,0.92558,0,1,1,0,1,0,1,7,4,7,1,7,4,2,10,0,1,1,1.06056,986.77291,0.31505,108.61
n-(4-methoxyphenyl)-1-ß-d-glucopyranoside,3.01584,1075.5768,-1.38,-1.093,285.12124,1.45,0.21082,0.53846,5,7,0.50254,28.3967,13.91041,4.83021,0.97806,0.53846,-1.38,0.0013,3.87585,6.38,3.02382,0.20834,0.91247,0,1,1,0,1,0,1,7,5,7,1,7,5,2,9,0,1,1,0.80447,702.43072,0.19728,111.41
4-methoxyphenyl-1-thio-ß-d-glucopyranoside,2.91993,1043.19662,-0.83,-0.4128,302.08241,1.4,0.21076,0.53846,4,6,0.33746,27.35774,13.42423,5.60774,0.95047,0.53846,-0.83,0.0008,4.34398,6.75028,3.24942,0.31083,0.83757,0,1,1,0,1,0,1,7,4,7,1,6,4,2,9,0,1,1,0.94724,1051.2059,0.26335,99.38
"1,4-bis-(ß-d-glucopyranosyl)benzene",2.65853,1479.78711,-1.18,-3.2836,402.1526,0.71429,0.21074,0.66667,8,10,0.59996,39.08248,19.21548,6.94949,0.98686,0.66667,-1.18,0.00077,5.94967,8.67494,3.80708,0.16159,0.98825,0,2,2,0,1,0,1,10,8,10,2,10,8,3,12,0,2,2,1.18125,1287.28727,0.25907,180.3
"1,4-bis-(ß-d-galactopyranosyl)benzene",2.65853,1479.78711,-1.18,-3.2836,402.1526,0.71429,0.21074,0.66667,8,10,0.63785,39.08248,19.21548,6.94949,0.98968,0.66667,-1.18,0.00084,5.94967,8.67494,3.80708,0.14327,0.99109,0,2,2,0,1,0,1,10,8,10,2,10,8,3,12,0,2,2,1.00702,1185.74947,0.20439,180.3
1-o-(ß-d-glucopyranosyl)-4-o-(ß-d-galactopyranosyl)benzene,2.65853,1479.78711,-1.18,-3.2836,402.1526,0.71429,0.21074,0.66667,8,10,0.6459,39.08248,19.21548,6.94949,0.99024,0.66667,-1.18,0.00086,5.94967,8.67494,3.80708,0.13934,0.98944,0,2,2,0,1,0,1,10,8,10,2,10,8,3,12,0,2,2,1.12303,1144.31989,0.22466,180.3
"1,3-bis-(ß-d-glucopyranosyl)benzene",2.7542,1512.78711,-1.18,-3.2836,402.1526,0.78571,0.21074,0.66667,8,10,0.35612,39.08248,19.21548,6.94949,0.95428,0.66667,-1.18,0.00051,5.94967,8.67494,3.80708,0.2989,0.89052,0,2,2,0,1,0,1,10,8,10,2,10,8,3,12,0,2,2,1.22374,1733.06832,0.32757,180.3
6-o-(4-methoxyphenyl)-d-glucopyranoside,2.81833,1045.05491,-1.38,-1.1261,286.10525,1.25,0.21346,0.53846,4,7,0.62285,27.35774,13.42423,4.79124,0.98904,0.53846,-1.38,0.00158,4.08464,6.38,3.19599,0.14768,0.93677,0,1,1,0,1,0,1,7,4,7,1,7,4,2,9,0,1,1,0.8465,594.73006,0.16805,108.61
(4-pyridinyl) β-d-glucopyranoside,2.9329,896.5629,-1.25,-1.7397,257.08994,1.38889,0.22872,0.54545,4,7,0.41247,23.3967,11.4632,4.33021,0.96523,0.54545,-1.25,0.00141,3.87394,5.59389,2.60001,0.26141,0.9008,0,1,1,0,0,1,1,7,4,7,2,7,4,2,7,0,1,1,0.82374,637.67552,0.27848,112.27
4-methoxyphenyl-6-o-(α-d-galactopyranosyl) β-d-glucopyranoside,2.4763,1733.28354,-1.58,-3.3019,448.15808,0.90323,0.22872,0.68421,7,12,0.5636,42.39898,20.82785,7.47011,0.98429,0.68421,-1.58,0.00055,6.73016,10.35773,5.2586,0.17658,0.92992,0,2,2,0,1,0,1,12,7,12,2,12,7,3,15,0,2,2,0.97411,1691.57607,0.18972,187.76
4-methoxyphenyl-6-o-(α-d-glucopyranosyl) ß-d-glucopyranoside,2.4763,1733.28354,-1.58,-3.3019,448.15808,0.90323,0.22872,0.68421,7,12,0.18025,42.39898,20.82785,7.47011,0.887,0.68421,-1.58,0.00022,6.73016,10.35773,5.2586,0.46177,0.73413,0,2,2,0,1,0,1,12,7,12,2,12,7,3,15,0,2,2,1.13717,3335.97316,0.27765,187.76
4-methoxyphenyl-6-o-(ß-d-glucopyranosyl) ß-d-glucopyranoside,2.4763,1733.28354,-1.58,-3.3019,448.15808,0.90323,0.22872,0.68421,7,12,0.6433,42.39898,20.82785,7.47011,0.99008,0.68421,-1.58,0.0007,6.73016,10.35773,5.2586,0.14048,0.98807,0,2,2,0,1,0,1,12,7,12,2,12,7,3,15,0,2,2,1.22492,1420.22347,0.23373,187.76
4-methoxyphenyl-4-o-(ß-d-galactopyranosyl) ß-d-glucopyranoside,2.55322,1727.28354,-1.58,-3.3019,448.15808,0.90323,0.22872,0.68421,7,12,0.47348,42.39898,20.82785,7.47011,0.97378,0.68421,-1.58,0.00047,6.73016,10.35773,5.09146,0.2275,0.95383,0,2,2,0,1,0,1,12,7,12,2,12,7,3,15,0,2,2,1.19231,2036.5291,0.27475,187.76
2-amino β-d-galactopyranoside,3.01199,1015.08689,-1.38,-1.5525,271.10559,1.42105,0.22884,0.5,6,7,0.428,25.8967,12.63402,4.6066,0.96815,0.5,-1.38,0.00119,3.83601,5.72238,2.79987,0.25039,0.8414,0,1,1,0,1,0,1,7,5,7,1,7,6,2,8,0,1,1,0.72306,704.67297,0.16558,125.4
2-amino-3-(β-d-galactopyranosyloxy)-benzoic acid,3.0803,1126.78273,-1.91,-1.8543,315.09542,1.5,0.33744,0.46154,7,9,0.38575,27.2132,13.20052,5.26485,0.96068,0.46154,-1.91,0.00089,5.04626,6.46311,2.98239,0.27766,0.87107,0,1,1,0,1,0,1,9,6,9,1,9,7,2,9,0,1,1,0.87346,982.30928,0.24838,162.7
2-amino-3-(β-d-glucopyranosyloxy)-benzoic acid,3.0803,1126.78273,-1.91,-1.8543,315.09542,1.5,0.33744,0.46154,7,9,0.48554,27.2132,13.20052,5.26485,0.97617,0.46154,-1.91,0.00098,5.04626,6.46311,2.98239,0.21701,0.88676,0,1,1,0,1,0,1,9,6,9,1,9,7,2,9,0,1,1,0.75321,907.14432,0.18395,162.7
4-aminophenyl β-d-glucopyranoside,2.95639,985.83689,-1.38,-1.5525,271.10559,1.36842,0.22872,0.5,6,7,0.54437,25.8967,12.63402,4.6066,0.98237,0.5,-1.38,0.00163,3.83601,5.72238,2.96396,0.18697,0.93863,0,1,1,0,1,0,1,7,5,7,1,7,6,2,8,0,1,1,0.9034,576.72634,0.25213,125.4
4-acetamidophenyl β-d-glucopyranoside,2.92706,1170.53967,-1.71,-1.1763,313.11615,1.5,0.22872,0.5,5,8,0.55047,29.30495,14.36454,5.28433,0.98266,0.5,-1.71,0.00109,4.65106,7.03333,3.72935,0.1854,0.96547,0,1,1,1,1,0,1,7,5,8,1,8,5,2,9,0,1,1,0.96452,881.77157,0.22749,128.48
"n-(2,2,3,3,4,4,4-heptafluoro)butyl-d-gluconamide",7.31206,876.12291,-1.22,-1.6286,377.07093,1.125,0.45944,0.9,6,7,0.39699,24.54245,11.48329,4.99483,0.96202,0.9,-1.22,0.00074,8.4409,7.77481,4.88882,0.27296,0.92344,0,0,0,1,0,0,0,6,6,14,0,7,6,0,13,0,0,0,0.96034,1240.33082,0.29555,130.25
n-phenyl-d-gluconamide,3.96987,974.37148,-1.51,-1.939,271.10559,1.36842,0.25553,0.41667,6,7,0.24601,25.8967,12.41041,4.42196,0.92223,0.41667,-1.51,0.00076,3.99802,7.17063,4.26553,0.38664,0.79178,0,0,0,1,1,0,1,6,6,7,0,7,6,1,11,0,0,0,0.84086,1044.75088,0.2466,130.25
n-3-fluorophenyl-d-gluconamide,3.96987,979.85835,-1.58,-1.7999,289.09617,1.5,0.25553,0.41667,6,7,0.37291,25.27467,12.0994,4.61094,0.95791,0.41667,-1.58,0.00079,4.71807,7.26848,4.21914,0.28708,0.79489,0,0,0,1,1,0,1,6,6,8,0,7,6,1,11,0,0,0,0.75366,1006.14216,0.19241,130.25
n-4-fluorophenyl-d-gluconamide,3.96987,979.85835,-1.58,-1.7999,289.09617,1.4,0.25553,0.41667,6,7,0.51251,25.27467,12.0994,4.61094,0.97912,0.41667,-1.58,0.00131,4.71807,7.26848,4.21914,0.2033,0.92274,0,0,0,1,1,0,1,6,6,8,0,7,6,1,11,0,0,0,0.82415,702.23223,0.25759,130.25
n-benzyl-d-gluconamide,3.98317,1067.40799,-1.51,-2.2613,285.12124,1.35,0.25143,0.46154,6,7,0.10704,28.3967,13.66041,4.67196,0.79691,0.46154,-1.51,0.00048,4.02426,7.92964,4.54961,0.60409,0.66138,0,0,0,1,1,0,1,6,6,7,0,7,6,1,12,0,0,0,0.98269,1390.91389,0.39376,130.25
n-2-fluorobenzyl-d-gluconamide,3.98317,1073.05996,-1.58,-2.1222,303.11182,1.42857,0.25143,0.46154,6,7,0.211,27.77467,13.3494,4.86094,0.90728,0.46154,-1.58,0.00078,4.70566,8.00793,4.72509,0.42053,0.86137,0,0,0,1,1,0,1,6,6,8,0,7,6,1,12,0,0,0,1.04265,1100.32941,0.45918,130.25
n-3-fluorobenzyl-d-gluconamide,3.98317,1073.05996,-1.58,-2.1222,303.11182,1.47619,0.25143,0.46154,6,7,0.14064,27.77467,13.3494,4.86094,0.86426,0.46154,-1.58,0.00068,4.70566,8.00793,5.03064,0.50305,0.83128,0,0,0,1,1,0,1,6,6,8,0,7,6,1,12,0,0,0,1.08184,1226.45582,0.46467,130.25
n-4-fluorobenzyl-d-gluconamide,3.98317,1073.05996,-1.58,-2.1222,303.11182,1.38095,0.25143,0.46154,6,7,0.21932,27.77467,13.3494,4.86094,0.91149,0.46154,-1.58,0.00079,4.70566,8.00793,5.03064,0.41132,0.83706,0,0,0,1,1,0,1,6,6,8,0,7,6,1,12,0,0,0,1.05108,1057.60462,0.46672,130.25
n-2-phenylethyl-d-gluconamide,4.00079,1161.60373,-1.51,-2.2188,299.13689,1.33333,0.25117,0.5,6,7,0.41879,30.8967,14.91041,4.92196,0.96667,0.5,-1.51,0.00082,4.06434,8.70516,5.40833,0.25604,0.84646,0,0,0,1,1,0,1,6,6,7,0,7,6,1,13,0,0,0,0.96547,1030.28532,0.26011,130.25
n-2-(2-fluoro)phenylethyl-d-gluconamide,4.00079,1167.40383,-1.58,-2.0797,317.12747,1.40909,0.25117,0.5,6,7,0.10213,30.27467,14.5994,5.11094,0.82246,0.5,-1.58,0.00052,4.7137,8.76382,5.00464,0.56883,0.76983,0,0,0,1,1,0,1,6,6,8,0,7,6,1,13,0,0,0,1.09778,1472.10718,0.44344,130.25
n-2-(3-fluoro)phenylethyl-d-gluconamide,4.00079,1167.40383,-1.58,-2.0797,317.12747,1.45455,0.25117,0.5,6,7,0.2751,30.27467,14.5994,5.11094,0.93284,0.5,-1.58,0.00073,4.7137,8.76382,5.31814,0.36028,0.85523,0,0,0,1,1,0,1,6,6,8,0,7,6,1,13,0,0,0,1.03102,1174.63589,0.33028,130.25
n-2-(4-fluoro)phenylethyl-d-gluconamide,4.00079,1167.40383,-1.58,-2.0797,317.12747,1.36364,0.25117,0.5,6,7,0.24627,30.27467,14.5994,5.11094,0.92125,0.5,-1.58,0.00055,4.7137,8.76382,5.31814,0.38897,0.75983,0,0,0,1,1,0,1,6,6,8,0,7,6,1,13,0,0,0,0.98115,1382.2665,0.31332,130.25
"n-2,5-difluorobenzyl-d-gluconamide",3.98317,1076.63174,-1.65,-1.9831,321.10239,1.40909,0.25143,0.46154,6,7,0.53294,27.15263,13.03838,5.04992,0.98111,0.46154,-1.65,0.00108,5.46192,8.10675,4.68146,0.19347,0.94599,0,0,0,1,1,0,1,6,6,9,0,7,6,1,12,0,0,0,0.96466,871.95614,0.2722,130.25
n-4-bromophenyl-d-gluconamide,3.96987,979.85835,-1.03,-1.1765,349.0161,1.4,0.25553,0.41667,6,7,0.61163,25.27467,12.0994,5.40394,0.98807,0.41667,-1.03,0.00116,5.00924,7.67305,4.51242,0.15399,0.95863,0,0,0,1,1,0,1,6,6,8,0,7,6,1,11,0,0,0,1.05255,827.38148,0.37836,130.25
n-2-fluorophenyl-d-gluconamide,3.96987,979.85835,-1.58,-1.7999,289.09617,1.45,0.25561,0.41667,6,7,0.27692,25.27467,12.0994,4.61094,0.93346,0.41667,-1.58,0.0009,4.71807,7.26848,3.95485,0.35869,0.85353,0,0,0,1,1,0,1,6,6,8,0,7,6,1,11,0,0,0,0.87123,943.18957,0.31112,130.25
"n-3,5-difluorophenyl-d-gluconamide",3.96987,983.25499,-1.65,-1.6608,307.08674,1.33333,0.25553,0.41667,6,7,0.42243,24.65263,11.78838,4.79992,0.96726,0.41667,-1.65,0.00084,5.52204,7.38449,4.6873,0.25379,0.85094,0,0,0,1,1,0,1,6,6,9,0,7,6,1,11,0,0,0,0.78854,1013.2733,0.19996,130.25
n-3-bromophenyl-d-gluconamide,3.96987,979.85835,-1.03,-1.1765,349.0161,1.5,0.25553,0.41667,6,7,0.279,25.27467,12.0994,5.40394,0.93421,0.41667,-1.03,0.00057,5.00924,7.67305,4.51242,0.35671,0.84425,0,0,0,1,1,0,1,6,6,8,0,7,6,1,11,0,0,0,0.99547,1489.8243,0.33865,130.25
"n-2,6-difluorobenzyl-d-gluconamide",3.98317,1076.63174,-1.65,-1.9831,321.10239,1.36364,0.25143,0.46154,6,7,0.22783,27.15263,13.03838,5.04992,0.91136,0.46154,-1.65,0.00083,5.46192,8.10675,4.42035,0.41161,0.94234,0,0,0,1,1,0,1,6,6,9,0,7,6,1,12,0,0,0,1.01562,1129.20038,0.38964,130.25
n-4-methoxyphenyl-d-gluconamide,3.97604,1080.18153,-1.71,-1.9304,301.11615,1.47619,0.25553,0.46154,6,8,0.6568,28.80495,13.81866,4.83021,0.99098,0.46154,-1.71,0.00153,4.40138,7.91084,4.655,0.13403,0.9862,0,0,0,1,1,0,1,7,6,8,0,8,6,1,13,0,0,0,0.73983,645.67082,0.14565,139.48
n-4-methoxybenzyl-d-gluconamide,3.99672,1174.68138,-1.71,-2.2527,315.1318,1.45455,0.25143,0.5,6,8,0.14956,31.30495,15.06866,5.08021,0.86934,0.5,-1.71,0.00057,4.4285,8.66468,4.93374,0.49422,0.77595,0,0,0,1,1,0,1,7,6,8,0,8,6,1,14,0,0,0,1.06538,1366.54079,0.40307,139.48
n-4-methylbenzyl-d-gluconamide,4.03858,1156.09395,-1.51,-1.95288,299.13689,1.42857,0.25143,0.5,6,7,0.61166,30.8967,14.91041,4.92196,0.98805,0.5,-1.51,0.00135,4.06434,8.06033,5.07029,0.15411,0.96122,0,0,0,1,1,0,1,6,6,7,0,7,6,1,13,0,0,0,0.9377,712.52831,0.21114,130.25
n-2-methoxybenzyl-d-gluconamide,4.09943,1203.93138,-1.71,-2.2527,315.1318,1.5,0.25143,0.5,6,8,0.3899,31.30495,15.06866,5.08021,0.96154,0.5,-1.71,0.0008,4.4285,8.66468,4.65017,0.27467,0.86025,0,0,0,1,1,0,1,7,6,8,0,8,6,1,14,0,0,0,0.98195,1072.39741,0.27709,139.48
n-2-methoxyphenyl-d-gluconamide,4.08918,1109.43153,-1.71,-1.9304,301.11615,1.52381,0.25563,0.46154,6,8,0.48499,28.80495,13.81866,4.83021,0.97586,0.46154,-1.71,0.00101,4.40138,7.91084,4.37954,0.2184,0.91659,0,0,0,1,1,0,1,7,6,8,0,8,6,1,13,0,0,0,0.81183,909.86403,0.18493,139.48
2-phenylhydrazide-d-gluconic acid,3.8745,1026.60933,-1.71,-2.4344,286.11649,1.35,0.26944,0.41667,7,8,0.30381,27.34392,13.05763,4.62196,0.94116,0.41667,-1.71,0.00091,4.15174,7.77646,4.43912,0.33795,0.88417,0,0,0,1,1,0,1,7,7,8,0,8,7,1,12,0,0,0,0.89804,966.7463,0.27584,142.28
2-(2-fluoro)phenylhydrazide-d-gluconic acid,3.8745,1032.18112,-1.78,-2.2953,304.10706,1.42857,0.26944,0.41667,7,8,0.56604,26.72188,12.74661,4.81094,0.98412,0.41667,-1.78,0.00127,4.86355,7.85867,4.61742,0.17749,0.96908,0,0,0,1,1,0,1,7,7,9,0,8,7,1,12,0,0,0,0.84472,763.65228,0.18558,142.28
n-1-naphthyl-d-gluconamide,3.02908,1392.53829,-2.03,-0.7858,321.12124,1.21739,0.25555,0.3125,6,7,0.5784,29.8967,14.66041,5.67196,0.98545,0.3125,-2.03,0.00115,4.98222,7.49256,3.84187,0.16998,0.9495,0,0,0,1,2,0,2,6,6,7,0,7,6,2,11,0,0,0,0.71089,822.67377,0.14099,130.25
1-deoxy-1-[(2-fluorophenylmethyl)amino]-d-glucitol,4.1031,1072.32662,-1.09,-1.6488,289.13255,1.3,0.21072,0.53846,6,6,0.21076,29.36642,14.14527,4.65682,0.9069,0.53846,-1.09,0.00071,4.00645,8.25345,4.78466,0.42134,0.78712,0,0,0,0,1,0,1,6,6,7,0,6,6,1,13,0,0,0,0.92151,1115.51671,0.33443,113.18
"1,4-bis-(d-gluconamide)benzene",4.21347,1597.25375,-2.24,-5.5646,464.16422,0.78125,0.25553,0.55556,12,14,0.6489,42.79341,20.32083,7.34392,0.99079,0.55556,-2.24,0.00055,7.3783,12.70887,7.41999,0.1354,0.93211,0,0,0,2,1,0,1,12,12,14,0,14,12,1,22,0,0,0,0.91339,1700.50367,0.11753,260.5
n-octyl-d-galactonamide ,7.65904,1227.32424,-0.73,-1.101,307.19949,1.2381,0.25116,0.92857,6,7,0.69308,38.8967,18.66041,4.67196,0.99313,0.92857,-0.73,0.00125,3.23045,11.87862,8.32811,0.117,0.97561,0,0,0,1,0,0,0,6,6,7,0,7,6,0,18,0,0,0,1.02881,782.89228,0.19075,130.25
n-octanoyl-n-methyl-d-glucamine,8.18191,1317.35014,-0.73,-0.7588,321.21514,1.18182,0.2219,0.93333,5,7,0.46988,41.3967,19.93681,4.89557,0.97263,0.93333,-0.73,0.0009,3.32467,11.78709,8.04836,0.23238,0.98324,0,0,0,1,0,0,0,6,5,7,0,7,5,0,19,0,0,0,1.08577,1088.59825,0.29053,121.46
n-methyl-n-octyl-d-gluconamide,8.18417,1317.35014,-0.73,-0.7588,321.21514,1.18182,0.25347,0.93333,5,7,0.23149,41.3967,19.93681,4.89557,0.91672,0.93333,-0.73,0.00052,3.32467,11.78709,7.50781,0.39952,0.81151,0,0,0,1,0,0,0,6,5,7,0,7,5,0,19,0,0,0,1.06068,1551.02332,0.32378,121.46
1-o-octyl-d-glucitol,7.63441,1189.19713,-0.24,-0.2006,294.20424,1.05,0.21072,1,5,6,0.17464,39.44949,18.97011,4.42887,0.8865,1,-0.24,0.00059,2.925,12.49686,8.83686,0.46272,0.77307,0,0,0,0,0,0,0,6,5,6,0,6,5,0,19,0,0,0,1.13191,1304.98663,0.40998,110.38
n-octyl-l-mannonamide,7.65904,1227.32424,-0.73,-1.101,307.19949,1.2381,0.25116,0.92857,6,7,0.20559,38.8967,18.66041,4.67196,0.89932,0.92857,-0.73,0.00049,3.23045,11.87862,8.32811,0.43729,0.7124,0,0,0,1,0,0,0,6,6,7,0,7,6,0,18,0,0,0,0.95839,1454.98547,0.27357,130.25
n-octyl-d-gluconamide,7.65904,1227.32424,-0.73,-1.101,307.19949,1.2381,0.25116,0.92857,6,7,0.52252,38.8967,18.66041,4.67196,0.98032,0.92857,-0.73,0.0008,3.23045,11.87862,8.32811,0.1974,0.91152,0,0,0,1,0,0,0,6,6,7,0,7,6,0,18,0,0,0,0.92906,1136.14207,0.15282,130.25
n-butyl-erythronamide,6.58571,637.73792,-0.65,-1.3832,191.11576,1.92308,0.25115,0.875,4,5,0.34361,23.08021,10.93567,2.76371,0.94991,0.875,-0.65,0.0023,1.97949,6.82204,4.81854,0.31253,0.94486,0,0,0,1,0,0,0,4,4,5,0,5,4,0,10,0,0,0,0.8458,411.60892,0.31959,89.79
n-pentyl-erythronamide,6.76423,724.54215,-0.65,-0.9931,205.13141,1.78571,0.25115,0.88889,4,5,0.46034,25.58021,12.18567,3.01371,0.97293,0.88889,-0.65,0.00181,2.07176,7.726,5.16012,0.23108,0.84794,0,0,0,1,0,0,0,4,4,5,0,5,4,0,11,0,0,0,0.72167,468.60142,0.18447,89.79
n-hexyl-erythronamide,6.92778,813.0096,-0.65,-0.603,219.14706,1.66667,0.25115,0.9,4,5,0.35942,28.08021,13.43567,3.26371,0.95367,0.9,-0.65,0.00158,2.16751,8.64168,6.43335,0.30086,0.94413,0,0,0,1,0,0,0,4,4,5,0,5,4,0,12,0,0,0,0.99727,595.9574,0.36283,89.79
n-octyl-erythronamide,7.21096,994.37435,-0.65,0.1772,247.17836,1.47059,0.25115,0.91667,4,5,0.1999,33.08021,15.93567,3.76371,0.90088,0.91667,-0.65,0.00079,2.36618,10.50058,8.12454,0.43407,0.77207,0,0,0,1,0,0,0,4,4,5,0,5,4,0,14,0,0,0,0.96206,971.35836,0.33083,89.79
n-octyl-d-gluconamide,7.65904,1227.32424,-0.73,-1.101,307.19949,1.2381,0.25116,0.92857,6,7,0.4065,38.8967,18.66041,4.67196,0.96391,0.92857,-0.73,0.00088,3.23045,11.87862,8.32811,0.26622,0.91674,0,0,0,1,0,0,0,6,6,7,0,7,6,0,18,0,0,0,1.00824,1042.6771,0.2649,130.25
d-gluconamide,6.90997,513.51615,-0.73,-4.0924,195.07429,1.53846,0.24858,0.83333,7,7,0.19841,18.8967,8.63402,2.69835,0.8999,0.83333,-0.73,0.002,2.64577,5.09785,3.24712,0.43609,0.89276,0,0,0,1,0,0,0,6,6,7,0,7,7,0,10,0,0,0,0.97317,446.7183,0.51209,144.24
n-methyl-gluconamide,7.01676,593.99267,-0.73,-3.8317,209.08994,1.64286,0.2509,0.85714,6,7,0.2256,21.3967,9.91041,2.92196,0.91221,0.85714,-0.73,0.00176,2.68652,5.88732,3.20112,0.40972,0.91052,0,0,0,1,0,0,0,6,6,7,0,7,6,0,11,0,0,0,0.93679,517.16567,0.49756,130.25
n-ethyl-gluconamide,7.11773,679.91733,-0.73,-3.4416,223.10559,1.6,0.25115,0.875,6,7,0.22727,23.8967,11.16041,3.17196,0.91376,0.875,-0.73,0.00149,2.74246,6.69847,4.10215,0.40626,0.8924,0,0,0,1,0,0,0,6,6,7,0,7,6,0,12,0,0,0,0.87999,597.9752,0.34386,130.25
n-propyl-gluconamide,7.21606,767.58575,-0.73,-3.0515,237.12124,1.5625,0.25116,0.88889,6,7,0.25486,26.3967,12.41041,3.42196,0.92446,0.88889,-0.73,0.00085,2.80919,7.52816,4.41596,0.38128,0.75838,0,0,0,1,0,0,0,6,6,7,0,7,6,0,13,0,0,0,0.77661,891.45149,0.22657,130.25
n-butyl-gluconamide,7.31206,856.8387,-0.73,-2.6614,251.13689,1.52941,0.25116,0.9,6,7,0.37674,28.8967,13.66041,3.67196,0.95882,0.9,-0.73,0.00131,2.88384,8.37382,5.42176,0.284,0.87885,0,0,0,1,0,0,0,6,6,7,0,7,6,0,14,0,0,0,0.90864,669.90888,0.26435,130.25
n-pentyl-gluconamide,7.40508,947.54351,-0.73,-2.2713,265.15254,1.44444,0.25116,0.90909,6,7,0.41207,31.3967,14.91041,3.92196,0.96542,0.90909,-0.73,0.00102,2.96446,9.23333,5.74241,0.26072,0.87772,0,0,0,1,0,0,0,6,6,7,0,7,6,0,15,0,0,0,0.84189,861.59385,0.18904,130.25
n-hexyl-gluconamide,7.49429,1039.58798,-0.73,-1.8812,279.16819,1.36842,0.25116,0.91667,6,7,0.41339,33.8967,16.16041,4.17196,0.9657,0.91667,-0.73,0.00094,3.04971,10.10491,6.83645,0.25964,0.8683,0,0,0,1,0,0,0,6,6,7,0,7,6,0,16,0,0,0,0.88773,925.27115,0.19974,130.25
n-heptyl-gluconamide,7.57906,1132.87598,-0.73,-1.4911,293.18384,1.3,0.25116,0.92308,6,7,0.3188,36.3967,17.41041,4.42196,0.94514,0.92308,-0.73,0.00071,3.13861,10.98709,7.15908,0.32667,0.77932,0,0,0,1,0,0,0,6,6,7,0,7,6,0,17,0,0,0,0.87334,1097.16134,0.22003,130.25
n-nonyl-gluconamide,7.73413,1322.85992,-0.73,-0.7109,321.21514,1.18182,0.25116,0.93333,6,7,0.13176,41.3967,19.91041,4.92196,0.82986,0.93333,-0.73,0.00034,3.32467,12.77843,8.64945,0.55797,0.65653,0,0,0,1,0,0,0,6,6,7,0,7,6,0,19,0,0,0,0.99949,1928.85728,0.31482,130.25
4-methoxyphenyl β-d-xylopyranoside,2.7744,930.38602,-1.34,-0.487,256.09469,1.38889,0.22838,0.5,3,6,0.64803,24.44949,12.06186,4.33712,0.99077,0.5,-1.34,0.00206,3.60604,5.53444,2.72906,0.13558,0.92205,0,1,1,0,1,0,1,6,3,6,1,6,3,2,7,0,1,1,0.64809,446.597,0.12782,88.38
glucitol,6.97058,440.84358,-0.24,-3.5854,182.07904,1,0.21072,1,6,6,0.36921,19.44949,8.92423,2.47474,0.95724,1,-0.24,0.00263,2.22091,5.41346,3.0154,0.2893,0.882,0,0,0,0,0,0,0,6,6,6,0,6,6,0,11,0,0,0,0.70279,334.91525,0.34627,121.38
galactitol,6.97058,440.84358,-0.24,-3.5854,182.07904,1,0.21072,1,6,6,0.44854,19.44949,8.92423,2.47474,0.96991,1,-0.24,0.00359,2.22091,5.41346,3.0154,0.24348,0.96429,0,0,0,0,0,0,0,6,6,6,0,6,6,0,11,0,0,0,0.83106,268.74511,0.3101,121.38
"n-[5-hydroxy-6-(hydroxymethyl)-2-(4-methoxyphenoxy)-4-3,4,5-trihydroxy-6-(hydroxymethyl)oxan-2-yl]oxyoxan-3-yl]acetamide",2.80779,1970.88437,-2.07,-3.1581,489.18463,1.08824,0.22293,0.66667,7,13,0.17675,46.84619,23.06403,8.16732,0.88342,0.66667,-2.07,0.00018,7.24549,11.57292,5.76285,0.46859,0.72159,0,2,2,1,1,0,1,12,7,13,2,13,7,3,16,0,2,2,1.15819,3910.40041,0.2798,196.63
"2-[3,5-dihydroxy-2-(hydroxymethyl)-6-(4-methoxyphenoxy)oxan-4-yl]oxy-6-(hydroxymethyl)oxane-3,4,5-triol",2.61937,1733.28354,-1.58,-3.3019,448.15808,0.90323,0.22873,0.68421,7,12,0.48211,42.39898,20.82785,7.47011,0.97488,0.68421,-1.58,0.00049,6.73016,10.35773,5.09146,0.22272,0.95734,0,2,2,0,1,0,1,12,7,12,2,12,7,3,15,0,2,2,1.22787,1956.86919,0.27065,187.76
"2-[3,5-dihydroxy-2-(hydroxymethyl)-6-(4-methoxyphenoxy)oxan-4-yl]oxy-6-(hydroxymethyl)oxane-3,4,5-triol",2.61937,1733.28354,-1.58,-3.3019,448.15808,0.90323,0.22873,0.68421,7,12,0.44356,42.39898,20.82785,7.47011,0.9705,0.68421,-1.58,0.00041,6.73016,10.35773,5.09146,0.24112,0.87228,0,2,2,0,1,0,1,12,7,12,2,12,7,3,15,0,2,2,1.03842,2106.64423,0.20056,187.76
"2-[[3,5-dihydroxy-6-(4-methoxyphenoxy)-4-[3,4,5-trihydroxy-6-(hydroxymethyl)oxan-2-yl]oxyoxan-2-yl]methoxy]-6-(hydroxymethyl)oxane-3,4,5-triol",2.34007,2461.33284,-1.78,-5.4777,610.2109,0.71429,0.22873,0.76,10,17,0.35336,57.44022,28.23146,10.14898,0.95411,0.76,-1.78,0.00019,9.37845,14.33441,6.96003,0.29947,0.82753,0,3,3,0,1,0,1,17,10,17,3,17,10,4,21,0,3,3,1.23869,4450.10213,0.22242,266.91
n-4-(trifluoromethyl)phenyl-d-gluconamide,4.02606,1073.85395,-1.72,-0.9202,339.09297,1.30435,0.41591,0.46154,6,7,0.5363,26.5306,12.72736,5.23891,0.98188,0.46154,-1.72,0.00083,6.29732,7.70457,5.14856,0.18952,0.88879,0,0,0,1,1,0,1,6,6,10,0,7,6,1,11,0,0,0,0.80229,1065.12768,0.18355,130.25
n-4-methylphenyl-d-gluconamide,4.02606,1061.89821,-1.51,-1.63058,285.12124,1.45,0.25553,0.46154,6,7,0.31667,28.3967,13.66041,4.67196,0.94512,0.46154,-1.51,0.00071,4.02426,7.31967,4.25607,0.32674,0.81022,0,0,0,1,1,0,1,6,6,7,0,7,6,1,12,0,0,0,0.81548,1144.55323,0.19446,130.25
n-3-(trifluoromethyl)benzyl-d-gluconamide,4.08023,1197.76908,-1.72,-1.2425,353.10862,1.375,0.41592,0.5,6,7,0.14159,29.0306,13.97736,5.48891,0.85219,0.5,-1.72,0.00037,6.21841,8.39925,5.42413,0.52323,0.69757,0,0,0,1,1,0,1,6,6,10,0,7,6,1,12,0,0,0,1.11427,1877.32085,0.4426,130.25
n-4-(trifluoromethyl)benzyl-d-gluconamide,4.03858,1168.51908,-1.72,-1.2425,353.10862,1.29167,0.41591,0.5,6,7,0.2735,29.0306,13.97736,5.48891,0.93215,0.5,-1.72,0.00055,6.21841,8.39925,5.42413,0.36207,0.79577,0,0,0,1,1,0,1,6,6,10,0,7,6,1,12,0,0,0,0.97921,1451.76851,0.34187,130.25
n-2-hydroxyphenyl-d-gluconamide,4.01292,1021.57766,-1.71,-2.2334,287.1005,1.4,0.29321,0.41667,7,8,0.47081,26.30495,12.52279,4.62608,0.97309,0.41667,-1.71,0.00125,4.39036,7.17364,3.88978,0.23042,0.96914,0,0,0,1,1,0,1,7,7,8,0,8,7,1,12,0,0,0,0.90848,775.41284,0.27682,150.48
n-3-(trifluoromethyl)phenyl-d-gluconamide,4.07228,1103.10395,-1.72,-0.9202,339.09297,1.3913,0.41599,0.46154,6,7,0.34697,26.5306,12.72736,5.23891,0.95189,0.46154,-1.72,0.00072,6.29732,7.70457,5.14856,0.30645,0.90554,0,0,0,1,1,0,1,6,6,10,0,7,6,1,11,0,0,0,1.10083,1259.70196,0.39004,130.25
n-4-(trifluoromethoxy)phenyl-d-gluconamide,3.97604,1092.13726,-1.92,-1.0404,355.08789,1.33333,0.5726,0.46154,6,8,0.51632,26.93885,12.88561,5.39715,0.97965,0.46154,-1.92,0.00072,6.76622,8.25903,5.9402,0.20073,0.91114,0,0,0,1,1,0,1,7,6,11,0,8,6,1,12,0,0,0,0.93616,1265.8428,0.22175,139.48
"n-2,5-(dichloro)phenyl-d-gluconamide",3.96987,983.25499,-0.93,-0.6322,339.02764,1.42857,0.25557,0.41667,6,7,0.32667,24.65263,11.78838,5.55585,0.94724,0.41667,-0.93,0.00058,5.93441,7.90282,4.78711,0.32053,0.78263,0,0,0,1,1,0,1,6,6,9,0,7,6,1,11,0,0,0,0.77064,1338.60829,0.21962,130.25
n-2-methylbenzyl-d-gluconamide,4.12491,1185.34395,-1.51,-1.95288,299.13689,1.47619,0.25143,0.5,6,7,0.15537,30.8967,14.91041,4.92196,0.87349,0.5,-1.51,0.00059,4.06434,8.06033,4.76298,0.48684,0.77311,0,0,0,1,1,0,1,6,6,7,0,7,6,1,13,0,0,0,1.12562,1310.18255,0.45209,130.25
n-4-(trifluoromethoxy)benzyl-d-gluconamide,3.99672,1187.10651,-1.92,-1.3627,369.10354,1.32,0.5726,0.5,6,8,0.3008,29.43885,14.13561,5.64715,0.9407,0.5,-1.92,0.00058,6.66765,8.96622,6.83901,0.33924,0.86043,0,0,0,1,1,0,1,7,6,11,0,8,6,1,13,0,0,0,1.03678,1486.91659,0.37073,139.48
n-2-(trifluoromethoxy)benzyl-d-gluconamide,4.09943,1216.35651,-1.92,-1.3627,369.10354,1.36,0.57261,0.5,6,8,0.19776,29.43885,14.13561,5.64715,0.89559,0.5,-1.92,0.00037,6.66765,8.96622,6.47511,0.44489,0.71732,0,0,0,1,1,0,1,7,6,11,0,8,6,1,13,0,0,0,0.97559,1912.99985,0.27948,139.48
n-2-chlorophenyl-d-gluconamide,3.96987,979.85835,-1.22,-1.2856,305.06661,1.45,0.25557,0.41667,6,7,0.29353,25.27467,12.0994,4.98891,0.93496,0.41667,-1.22,0.00087,4.90795,7.53269,4.13712,0.35474,0.96452,0,0,0,1,1,0,1,6,6,8,0,7,6,1,11,0,0,0,0.96488,1104.60828,0.32984,130.25
n-4-chlorophenyl-d-gluconamide,3.96987,979.85835,-1.22,-1.2856,305.06661,1.4,0.25553,0.41667,6,7,0.49281,25.27467,12.0994,4.98891,0.97706,0.41667,-1.22,0.00096,4.90795,7.53269,4.41031,0.21297,0.88848,0,0,0,1,1,0,1,6,6,8,0,7,6,1,11,0,0,0,0.88141,920.94085,0.26019,130.25
n-4-chlorobenzyl-d-gluconamide,3.98317,1073.05996,-1.22,-1.6079,319.08226,1.38095,0.25143,0.46154,6,7,0.57153,27.77467,13.3494,5.23891,0.98503,0.46154,-1.22,0.00105,4.88758,8.27824,5.23566,0.17237,0.92512,0,0,0,1,1,0,1,6,6,8,0,7,6,1,12,0,0,0,0.93447,884.6792,0.25599,130.25
n-2-methylphenyl-d-gluconamide,4.12218,1091.14821,-1.51,-1.63058,285.12124,1.5,0.25554,0.46154,6,7,0.47106,28.3967,13.66041,4.67196,0.97418,0.46154,-1.51,0.00109,4.02426,7.31967,3.99005,0.22579,0.90256,0,0,0,1,1,0,1,6,6,7,0,7,6,1,12,0,0,0,0.80129,830.58618,0.18647,130.25
"n-2,6-dimethylphenyl-d-gluconamide",4.31109,1138.58418,-1.51,-1.32216,299.13689,1.42857,0.25554,0.5,6,7,0.28739,30.8967,14.91041,4.92196,0.93655,0.5,-1.51,0.0007,4.06434,7.48457,4.22661,0.35053,0.79453,0,0,0,1,1,0,1,6,6,7,0,7,6,1,13,0,0,0,0.88388,1134.2534,0.23496,130.25
"n-2,5-dimethylphenyl-d-gluconamide",4.26222,1179.83418,-1.51,-1.32216,299.13689,1.47619,0.25554,0.5,6,7,0.302,30.8967,14.91041,4.92196,0.94107,0.5,-1.51,0.00074,4.06434,7.48457,4.48279,0.33821,0.85832,0,0,0,1,1,0,1,6,6,7,0,7,6,1,13,0,0,0,0.96351,1166.02243,0.27322,130.25
d-galactose,3.8765,468.19978,-0.24,-3.2214,180.06339,1.25,0.21346,1,5,6,0.16895,17.44949,8.22011,2.67887,0.8667,1,-0.24,0.0015,2.41179,3.64892,1.58176,0.49884,0.65866,0,1,1,0,0,0,0,6,5,6,1,6,5,1,6,0,1,1,0.78488,439.40184,0.40053,110.38
d-glucose,3.8765,468.19978,-0.24,-3.2214,180.06339,1.25,0.21346,1,5,6,0.12541,17.44949,8.22011,2.67887,0.85094,1,-0.24,0.00193,2.41179,3.64892,1.58176,0.52527,0.81641,0,1,1,0,0,0,0,6,5,6,1,6,5,1,6,0,1,1,0.74269,423.74588,0.45156,110.38
d-mannose,3.8765,468.19978,-0.24,-3.2214,180.06339,1.25,0.21346,1,5,6,0.08332,17.44949,8.22011,2.67887,0.79746,1,-0.24,0.0022,2.41179,3.64892,1.58176,0.60338,0.9248,0,1,1,0,0,0,0,6,5,6,1,6,5,1,6,0,1,1,0.88694,420.66051,0.63839,110.38
d-talose,3.8765,468.19978,-0.24,-3.2214,180.06339,1.25,0.21346,1,5,6,0.19816,17.44949,8.22011,2.67887,0.89725,1,-0.24,0.00186,2.41179,3.64892,1.58176,0.44152,0.73209,0,1,1,0,0,0,0,6,5,6,1,6,5,1,6,0,1,1,0.72065,393.88808,0.38454,110.38
d-melibiose,3.03454,1112.20914,-0.44,-5.3972,342.11621,0.82609,0.21346,1,8,11,0.48842,32.49073,15.62372,5.35774,0.97624,1,-0.44,0.00094,5.05207,7.6304,3.80505,0.21669,0.92153,0,2,2,0,0,0,0,11,8,11,2,11,8,2,12,0,2,2,0.95572,979.8948,0.27146,189.53
d-lactose,3.22226,1106.20914,-0.44,-5.3972,342.11621,0.82609,0.21346,1,8,11,0.31265,32.49073,15.62372,5.35774,0.94415,1,-0.44,0.00068,5.05207,7.6304,3.64672,0.32951,0.84057,0,2,2,0,0,0,0,11,8,11,2,11,8,2,12,0,2,2,1.00575,1234.26897,0.32076,189.53
d-trehalose,3.13981,1024.20914,-0.44,-5.3972,342.11621,0.73913,0.21085,1,8,11,0.28559,32.49073,15.62372,5.35774,0.93463,1,-0.44,0.00069,5.05207,7.6304,3.64672,0.35562,0.91778,0,2,2,0,0,0,0,11,8,11,2,11,8,2,12,0,2,2,1.17929,1331.64128,0.44228,189.53
d-maltose,3.22226,1106.20914,-0.44,-5.3972,342.11621,0.82609,0.21346,1,8,11,0.34149,32.49073,15.62372,5.35774,0.94964,1,-0.44,0.00085,5.05207,7.6304,3.64672,0.31334,0.93767,0,2,2,0,0,0,0,11,8,11,2,11,8,2,12,0,2,2,1.07739,1102.5084,0.3663,189.53
d-sucrose,3.2356,1106.20914,-0.44,-5.3956,342.11621,0.95652,0.22355,1,8,11,0.24975,32.49073,15.62372,5.35774,0.924,1,-0.44,0.00067,5.05207,7.20728,3.2268,0.3824,0.81205,0,2,2,0,0,0,0,11,8,11,2,11,8,2,13,0,2,2,0.97756,1213.39183,0.34527,189.53
1-(α-d-galactopyranosyl)-2-propene,4.20166,696.59355,-0.46,-1.5951,204.09977,1.5,0.21072,0.77778,4,5,0.12133,22.54124,10.85774,3.22474,0.84633,0.77778,-0.46,0.00125,2.44002,4.85836,2.12881,0.53267,0.79856,0,1,1,0,0,0,0,5,4,5,1,5,4,1,7,0,1,1,0.90838,638.36067,0.411,90.15
1-(α-d-glucopyranosyl)-2-propene,4.20166,696.59355,-0.46,-1.5951,204.09977,1.5,0.21072,0.77778,4,5,0.21414,22.54124,10.85774,3.22474,0.90914,0.77778,-0.46,0.00161,2.44002,4.85836,2.12881,0.4165,0.82808,0,1,1,0,0,0,0,5,4,5,1,5,4,1,7,0,1,1,0.87866,513.89842,0.41795,90.15
1-(α-d-mannopyranosyl)-2-propene,4.20166,696.59355,-0.46,-1.5951,204.09977,1.5,0.21072,0.77778,4,5,0.17332,22.54124,10.85774,3.22474,0.88179,0.77778,-0.46,0.0012,2.44002,4.85836,2.12881,0.47165,0.72695,0,1,1,0,0,0,0,5,4,5,1,5,4,1,7,0,1,1,0.90711,605.76037,0.39819,90.15
1-(α-d-talopyranosyl)-2-propene,4.20166,696.59355,-0.46,-1.5951,204.09977,1.5,0.21072,0.77778,4,5,0.16209,22.54124,10.85774,3.22474,0.86491,0.77778,-0.46,0.00109,2.44002,4.85836,2.12881,0.50193,0.67436,0,1,1,0,0,0,0,5,4,5,1,5,4,1,7,0,1,1,0.82547,620.30879,0.3581,90.15
1-(β-d-galactopyranosyl)-2-propene,4.20166,696.59355,-0.46,-1.5951,204.09977,1.5,0.21072,0.77778,4,5,0.13273,22.54124,10.85774,3.22474,0.84241,0.77778,-0.46,0.0011,2.44002,4.85836,2.12881,0.53884,0.69318,0,1,1,0,0,0,0,5,4,5,1,5,4,1,7,0,1,1,0.88277,632.1679,0.41928,90.15
1-(β-d-glucopyranosyl)-2-propene,4.20166,696.59355,-0.46,-1.5951,204.09977,1.5,0.21072,0.77778,4,5,0.20815,22.54124,10.85774,3.22474,0.89799,0.77778,-0.46,0.00116,2.44002,4.85836,2.12881,0.44001,0.69003,0,1,1,0,0,0,0,5,4,5,1,5,4,1,7,0,1,1,0.82375,593.25608,0.3433,90.15
"1-α-o-methyl-1-β-(ethyl-2,2,-difluoroacetate)-d-galactopyranoside",4.36633,929.71312,-0.91,-1.9987,316.09697,1.57143,0.39743,0.90909,4,8,0.25991,27.52192,13.25632,4.62333,0.92655,0.90909,-0.91,0.00093,5.04626,6.46311,2.74239,0.37616,0.89885,0,1,1,0,0,0,0,8,4,10,1,8,4,1,11,0,1,1,0.92303,971.57896,0.31709,125.68
1-α-hydroxyl-1-β-ethyl acetate-d-galactopyranoside,4.18311,745.97586,-0.77,-3.2881,252.08452,1.64706,0.3106,0.88889,5,8,0.15889,23.76599,11.33248,3.79124,0.87544,0.88889,-0.77,0.00116,3.62408,5.25295,2.73323,0.48333,0.90266,0,1,1,0,0,0,0,8,5,8,1,8,5,1,9,0,1,1,1.08598,777.19467,0.51885,136.68
1-α-o-methyl-1-β-ethyl acetate-d-galactopyranoside,4.38573,829.67577,-0.77,-2.634,266.10017,1.55556,0.31061,0.9,4,8,0.31119,26.26599,12.62836,3.99537,0.94335,0.9,-0.77,0.00128,3.65676,5.91403,2.63206,0.33179,0.8784,0,1,1,0,0,0,0,8,4,8,1,8,4,1,10,0,1,1,0.86417,688.76132,0.30964,125.68
allyl β-d-galactopyranosyl-(1→3)-2-acetamido-2-deoxy-β-d-galactopyranoside,3.55076,1605.72998,-1.19,-4.0431,423.17406,1.27586,0.21686,0.82353,7,12,0.10049,42.43794,20.65578,6.75908,0.81428,0.82353,-1.19,0.00038,5.9812,10.72358,5.49327,0.58047,0.96602,0,2,2,1,0,0,0,11,7,12,2,12,7,2,15,0,2,2,1.54294,2552.70186,0.63485,187.4
allyl β-d-galactopyranosyl-(1→4)-2-acetamido-2-deoxy-β-d-galactopyranoside,3.45856,1605.72998,-1.19,-4.0431,423.17406,1.27586,0.21686,0.82353,7,12,0.3092,42.43794,20.65578,6.75908,0.93931,0.82353,-1.19,0.00048,5.9812,10.72358,5.49327,0.34308,0.97349,0,2,2,1,0,0,0,11,7,12,2,12,7,2,15,0,2,2,1.44278,2026.55653,0.49846,187.4
allyl β-d-galactopyranosyl-(1→6)-2-acetamido-2-deoxy-β-d-galactopyranoside,3.26835,1605.72998,-1.19,-4.0431,423.17406,1.24138,0.21686,0.82353,7,12,0.27427,42.43794,20.65578,6.75908,0.93251,0.82353,-1.19,0.0004,5.9812,10.72358,5.69934,0.36115,0.80202,0,2,2,1,0,0,0,11,7,12,2,12,7,2,15,0,2,2,1.01968,2023.49692,0.28488,187.4
allyl β-d-galactopyranosyl-(1→3)-β-d-galactopyranoside,3.3203,1376.32556,-0.7,-4.1869,382.14751,1,0.21085,0.86667,7,11,0.28653,37.99073,18.4196,6.06186,0.93613,0.86667,-0.7,0.00057,5.46172,9.48201,4.40282,0.35165,0.8776,0,2,2,0,0,0,0,11,7,11,2,11,7,2,14,0,2,2,1.14376,1535.893,0.37648,178.53
allyl-β-d-galactopyranoside,3.99088,713.69287,-0.5,-2.0111,220.09469,1.6,0.21085,0.77778,4,6,0.17207,22.94949,11.01599,3.38299,0.88509,0.77778,-0.5,0.00123,2.84077,5.54734,2.74567,0.46541,0.77691,0,1,1,0,0,0,0,6,4,6,1,6,4,1,8,0,1,1,0.81789,630.7616,0.35356,99.38
1-α-hydroxyl-2-acetamido-2-deoxy-β-d-galactopyranoside,4.05326,682.00756,-0.73,-3.0776,221.08994,1.73333,0.21686,0.875,5,7,0.32587,21.8967,10.45629,3.37608,0.94474,0.875,-0.73,0.00197,2.93306,4.86242,2.63942,0.32781,0.95935,0,1,1,1,0,0,0,6,5,7,1,7,5,1,7,0,1,1,0.95052,487.3201,0.41159,119.25
allyl 2-acetamido-2-deoxy-β-d-galactopyranoside,4.31228,928.68024,-0.99,-1.8673,261.12124,1.94444,0.21686,0.72727,4,7,0.17476,27.3967,13.25217,4.08021,0.88689,0.72727,-0.99,0.00082,3.36233,6.8127,3.50075,0.46198,0.77894,0,1,1,1,0,0,0,6,4,7,1,7,4,1,9,0,1,1,0.9606,949.19506,0.3404,108.25
octyl-β-d-glucopyranoside,4.10982,1185.6833,-0.24,0.1634,292.18859,1.15,0.21085,1,4,6,0.28805,37.44949,18.26599,4.63299,0.93702,1,-0.24,0.0007,3.04877,9.652,5.27252,0.34929,0.81349,0,1,1,0,0,0,0,6,4,6,1,6,4,1,14,0,1,1,0.93752,1156.99102,0.25621,99.38
octyl-β-d-galactopyranoside,4.10982,1185.6833,-0.24,0.1634,292.18859,1.15,0.21085,1,4,6,0.64931,37.44949,18.26599,4.63299,0.99077,1,-0.24,0.0013,3.04877,9.652,5.27252,0.13554,0.94343,0,1,1,0,0,0,0,6,4,6,1,6,4,1,14,0,1,1,0.86056,727.4397,0.14548,99.38
,0.00005,2154.57423,-0.53,4.7483,395.33188,0.74074,0.10395,0.76,0,1,0.30698,59.32518,29.39443,6.39443,0.94086,0.76,-0.53,0.00032,3.36174,17.56049,16.15455,0.33878,0.92533,0,0,0,0,1,0,1,0,0,2,0,1,0,1,20,0,0,0,1.37956,2930.61409,0.34388,0
,0,1013.65208,0.25,0.8373,235.20668,0.86667,0.09239,1,0,1,0.18987,37.32518,18.14443,3.14443,0.8843,1,0.25,0.00063,1.65549,10.75739,16.89593,0.46692,0.67122,0,0,0,0,0,0,0,0,0,2,0,1,0,0,13,0,0,0,0.82376,1069.75788,0.25313,0
,0,1590.95622,0.25,3.1779,319.30058,0.61905,0.09239,1,0,1,0.25032,52.32518,25.64443,4.64443,0.918,1,0.25,0.00034,2.32272,16.61761,22.66588,0.39659,0.69247,0,0,0,0,0,0,0,0,0,2,0,1,0,0,19,0,0,0,0.97016,2056.96071,0.22295,0
l-lysine butyl ester dihydrochloride,-0.00001,906.8038,-0.03,-6.6396,274.12148,1.5625,0.36425,0.9,6,4,0.12125,31.46685,14.74287,3.05959,0.83825,0.9,-0.03,0.00053,2.61848,14.97,12.04158,0.54529,0.72983,0,0,0,0,0,0,0,2,2,6,0,4,6,0,11,0,0,0,0.91335,1382.43661,0.32002,81.58
l-lysine hexyl ester dihydrochloride,-0.00001,1091.5255,-0.03,-5.8594,302.15278,1.38889,0.36425,0.91667,6,4,0.19046,36.46685,17.24287,3.55959,0.89699,0.91667,-0.03,0.00061,2.80273,16.97,14.03262,0.44205,0.8507,0,0,0,0,0,0,0,2,2,6,0,4,6,0,13,0,0,0,1.06189,1395.69634,0.39087,81.58
l-lysine octyl ester dihydrochloride,-0.00001,1280.97366,-0.03,-5.0792,330.18408,1.25,0.36425,0.92857,6,4,0.08368,41.46685,19.74287,4.05959,0.79713,0.92857,-0.03,0.00039,2.99676,18.97,16.02565,0.6038,0.77546,0,0,0,0,0,0,0,2,2,6,0,4,6,0,15,0,0,0,0.9307,2009.38773,0.28193,81.58
l-lysine decyl ester dihydrochloride,-0.00002,1474.58046,-0.03,-4.299,358.21538,1.13636,0.36425,0.9375,6,4,0.03484,46.46685,22.24287,4.55959,0.66173,0.9375,-0.03,0.00029,3.19724,20.97,18.02008,0.74974,0.781,0,0,0,0,0,0,0,2,2,6,0,4,6,0,17,0,0,0,1.38079,2654.49847,0.67962,81.58
l-lysine dodecyl ester dihydrochloride,-0.00002,1671.8998,-0.03,-3.5188,386.24668,1.04167,0.36425,0.94444,6,4,0.43549,51.46685,24.74287,5.05959,0.96805,0.94444,-0.03,0.00041,3.40218,22.97,20.01552,0.25075,0.95508,0,0,0,0,0,0,0,2,2,6,0,4,6,0,19,0,0,0,0.93953,2346.18425,0.1407,81.58
l-lysine tetradecyl ester dihydrochloride,-0.00002,1872.57206,-0.03,-2.7386,414.27798,0.96154,0.36425,0.95,6,4,0.39181,56.46685,27.24287,5.55959,0.96194,0.95,-0.03,0.00026,3.61034,24.97,22.01172,0.27328,0.84829,0,0,0,0,0,0,0,2,2,6,0,4,6,0,21,0,0,0,1.07822,3288.21638,0.1539,81.58
sodium nα-hexanoyl-nε-butanoyl-l-lysinate,0,1371.69664,-0.59,-2.108,336.2025,1.13043,1,0.8125,2,6,0.16207,40.52742,19.35535,4.96092,0.87951,0.8125,-0.59,0.00047,4.20771,16.27421,14.71855,0.47588,0.80008,0,0,0,2,0,0,0,4,2,7,0,6,2,0,15,0,0,0,1.23805,1691.22981,0.46422,98.33
"sodium nα,nε -bis(hexanoyl)-l-lysinate",0,1567.11861,-0.59,-1.3278,364.2338,1.04,1,0.83333,2,6,0.28061,45.52742,21.85535,5.46092,0.93446,0.83333,-0.59,0.00047,4.35707,18.20857,16.61979,0.35606,0.79607,0,0,0,2,0,0,0,4,2,7,0,6,2,0,17,0,0,0,1.05264,1711.96909,0.26316,98.33
sodium nα-hexanoyl-nε -octanoyl-l-lysinate,0,1766.06665,-0.59,-0.5476,392.2651,0.96296,1,0.85,2,6,0.2317,50.52742,24.35535,5.96092,0.91652,0.85,-0.59,0.00035,4.52168,20.15219,18.53486,0.39998,0.86376,0,0,0,2,0,0,0,4,2,7,0,6,2,0,19,0,0,0,1.13521,2480.20986,0.31001,98.33
sodium nα-hexanoyl-nε -decanoyl-l-lysinate,0,1968.21588,-0.59,0.2326,420.2964,0.89655,1,0.86364,2,6,0.07446,55.52742,26.85535,6.46092,0.77811,0.86364,-0.59,0.0002,4.69722,22.10323,20.46107,0.62813,0.76244,0,0,0,2,0,0,0,4,2,7,0,6,2,0,21,0,0,0,1.478,3819.14604,0.49167,98.33
sodium nα-hexanoyl-nε -dodecanoyl-l-lysinate,0,2173.29606,-0.59,1.0128,448.3277,0.83871,1,0.875,2,6,0.07934,60.52742,29.35535,6.96092,0.79341,0.875,-0.59,0.0002,4.88086,24.06033,22.39635,0.60868,0.79796,0,0,0,2,0,0,0,4,2,7,0,6,2,0,23,0,0,0,1.56032,4062.94904,0.59889,98.33
sodium nα-ethanoyl-nε -dodecanoyl-l-lysinate,0,1766.06665,-0.59,-0.5476,392.2651,1.03704,1,0.85,2,6,0.15229,50.52742,24.35535,5.96092,0.8594,0.85,-0.59,0.00022,4.52168,20.15219,19.96506,0.51131,0.68649,0,0,0,2,0,0,0,4,2,7,0,6,2,0,19,0,0,0,0.96544,3120.88762,0.23768,98.33
sodium nα -octanoyl-nε -dodecanoyl-l-lysinate,0,2381.0789,-0.59,1.793,476.359,0.78788,1,0.88462,2,6,0.16093,65.52742,31.85535,7.46092,0.87921,0.88462,-0.59,0.00017,5.07066,26.02243,24.33913,0.47643,0.82799,0,0,0,2,0,0,0,4,2,7,0,6,2,0,25,0,0,0,1.60063,4908.98789,0.44612,98.33
"sodium nα ,nε -bis(dodecanoyl)-l-lysinate",0,2803.99743,-0.59,3.3534,532.4216,0.7027,1,0.9,2,6,0.28707,75.52742,36.85535,8.46092,0.93679,0.9,-0.59,0.0002,5.46368,29.95849,28.24252,0.34988,0.83098,0,0,0,2,0,0,0,4,2,7,0,6,2,0,29,0,0,0,1.32393,4239.72559,0.29258,98.33
sodium nα -dodecanoyl-nε -butanoyl-l-lysinate,0,1968.21588,-0.59,0.2326,420.2964,0.89655,1,0.86364,2,6,0.44937,55.52742,26.85535,6.46092,0.97076,0.86364,-0.59,0.00041,4.69722,22.10323,20.46107,0.24004,0.92845,0,0,0,2,0,0,0,4,2,7,0,6,2,0,21,0,0,0,1.15262,2247.74608,0.19467,98.33
sodium nα -dodecanoyl-nε -octanoyl-l-lysinate,0,2381.0789,-0.59,1.793,476.359,0.78788,1,0.88462,2,6,0.61643,65.52742,31.85535,7.46092,0.98862,0.88462,-0.59,0.00033,5.07066,26.02243,24.33913,0.15044,0.92728,0,0,0,2,0,0,0,4,2,7,0,6,2,0,25,0,0,0,1.07402,2803.04322,0.1096,98.33
nα-ethanoyl-nε -dodecanoyl-l-lysine,7.776,1776.24655,-1.59,3.7831,370.28316,1.07692,0.32569,0.85,3,6,0.20396,50.52742,24.7636,5.96092,0.90329,0.85,-1.59,0.00036,3.54726,16.85576,15.90984,0.42903,0.77972,0,0,0,2,0,0,0,4,3,6,0,6,3,0,19,0,0,0,1.16209,2164.73266,0.35209,95.5
sodium nα -hexanoyl-nε -hexyl-l-lysinate,0,1564.61687,-0.1,-0.8544,350.25454,1.08333,1,0.88889,2,5,0.37896,47.11917,22.65123,5.2568,0.95871,0.88889,-0.1,0.00051,3.87119,19.22773,16.74715,0.2844,0.91352,0,0,0,1,0,0,0,4,2,6,0,5,2,0,18,0,0,0,1.21663,1802.38625,0.24817,81.26
4-aminophenyl-β-d-galactopyranoside,2.95639,985.83689,-1.38,-1.5525,271.10559,1.36842,0.22872,0.5,6,7,0.58667,25.8967,12.63402,4.6066,0.98576,0.5,-1.38,0.00185,3.83601,5.72238,2.96396,0.16818,0.98683,0,1,1,0,1,0,1,7,5,7,1,7,6,2,8,0,1,1,0.95638,532.68935,0.25215,125.4
4-methoxyphenyl-6-o-methyl-β-d-glucopyranoside,2.95184,1133.57994,-1.38,-0.472,300.1209,1.2381,0.22872,0.57143,3,7,0.48938,29.85774,14.72011,4.99537,0.9767,0.57143,-1.38,0.00093,4.12267,7.05752,3.63416,0.21462,0.87271,0,1,1,0,1,0,1,7,3,7,1,7,3,2,10,0,1,1,0.95273,935.20276,0.21637,97.61
4-methoxyphenyl-6-deoxy-β-d-gluco-heptopyranose,3.02386,1139.08971,-1.38,-0.3849,300.1209,1.33333,0.29309,0.57143,4,7,0.47038,29.85774,14.67423,5.04124,0.97424,0.57143,-1.38,0.00092,4.12267,7.05752,3.83535,0.22552,0.8809,0,1,1,0,1,0,1,7,4,7,1,7,4,2,10,0,1,1,0.86527,959.78655,0.19514,108.61
,4.14556,1209.45442,-1.3,-3.4728,336.15327,1.43478,0.31997,0.84615,8,10,0.37244,34.66041,16.64082,5.25794,0.9581,0.84615,-1.3,0.00071,4.45213,9.10731,5.67959,0.28644,0.86282,0,1,1,1,0,0,0,9,7,10,1,10,8,1,13,0,1,1,1.00811,1216.66034,0.31563,182.57
2-(α-d-galactopyranosyl)ethanoic acid,4.13193,647.45485,-0.73,-2.6965,222.07395,1.33333,0.30559,0.875,5,7,0.2461,20.85774,9.92423,3.38299,0.92269,0.875,-0.73,0.00143,3.14423,4.86242,2.63942,0.38554,0.8283,0,1,1,0,0,0,0,7,5,7,1,7,5,1,7,0,1,1,0.96249,580.48208,0.47985,127.45
2-(α-d-galactopyranosyl)acetamide,4.14599,679.51734,-0.73,-3.2958,221.08994,1.46667,0.21964,0.875,6,7,0.19051,21.8967,10.4299,3.40248,0.89426,0.875,-0.73,0.00119,2.93306,4.86242,2.63942,0.44755,0.74735,0,1,1,1,0,0,0,6,5,7,1,7,6,1,7,0,1,1,0.78342,628.9601,0.30726,133.24
n-methyl-2-(α-d-galactopyranosyl)ethylamide,4.13102,763.74961,-0.73,-3.0351,235.10559,1.5625,0.22196,0.88889,5,7,0.2931,24.3967,11.70629,3.62608,0.93806,0.88889,-0.73,0.00127,2.98599,5.55432,2.68652,0.34648,0.78383,0,1,1,1,0,0,0,6,5,7,1,7,5,1,8,0,1,1,0.89799,619.05917,0.29927,119.25
n-ethyl-2-(α-d-galactopyranosyl)ethylamide,4.12005,853.06279,-0.73,-2.645,249.12124,1.52941,0.22221,0.9,5,7,0.34545,26.8967,12.95629,3.87608,0.95234,0.9,-0.73,0.00128,3.04968,6.2697,3.36457,0.30505,0.8427,0,1,1,1,0,0,0,6,5,7,1,7,5,1,9,0,1,1,0.93174,657.46567,0.30873,119.25
n-propyl-2-(α-d-galactopyranosyl)ethylamide,4.11478,943.81782,-0.73,-2.2549,263.13689,1.5,0.22222,0.90909,5,7,0.56347,29.3967,14.20629,4.12608,0.98405,0.90909,-0.73,0.00176,3.12141,7.00604,3.62946,0.1779,0.95482,0,1,1,1,0,0,0,6,5,7,1,7,5,1,10,0,1,1,0.77888,542.99202,0.18586,119.25
n-butyl-2-(α-d-galactopyranosyl)ethylamide,4.115,1035.9048,-0.73,-1.8648,277.15254,1.47368,0.22222,0.91667,5,7,0.10206,31.8967,15.45629,4.37608,0.82116,0.91667,-0.73,0.00083,3.19929,7.76118,4.39487,0.5707,0.93249,0,1,1,1,0,0,0,6,5,7,1,7,5,1,11,0,1,1,1.18967,1122.19391,0.58344,119.25
n-pentyl-2-(α-d-galactopyranosyl)ethylamide,4.11978,1129.22926,-0.73,-1.4747,291.16819,1.4,0.22222,0.92308,5,7,0.5142,34.3967,16.70629,4.62608,0.97934,0.92308,-0.73,0.00113,3.28201,8.53322,4.67532,0.20223,0.91962,0,1,1,1,0,0,0,6,5,7,1,7,5,1,12,0,1,1,1.05129,811.49684,0.25041,119.25
n-hexyl-2-(α-d-galactopyranosyl)ethylamide,4.12802,1223.70912,-0.73,-1.0846,305.18384,1.33333,0.22222,0.92857,5,7,0.31002,36.8967,17.95629,4.87608,0.94075,0.92857,-0.73,0.00083,3.36857,9.32049,5.5191,0.33909,0.94936,0,1,1,1,0,0,0,6,5,7,1,7,5,1,13,0,1,1,1.11888,1138.6398,0.35603,119.25
n-heptyl-2-(α-d-galactopyranosyl)ethylamide,4.1387,1319.27246,-0.73,-0.6945,319.19949,1.27273,0.22222,0.93333,5,7,0.28765,39.3967,19.20629,5.12608,0.93629,0.93333,-0.73,0.00056,3.45826,10.12155,5.81103,0.35122,0.77939,0,1,1,1,0,0,0,6,5,7,1,7,5,1,14,0,1,1,0.95103,1385.41807,0.24995,119.25
n-octyl-2-(α-d-galactopyranosyl)ethylamide,4.15101,1415.85575,-0.73,-0.3044,333.21514,1.21739,0.22222,0.9375,5,7,0.57888,41.8967,20.45629,5.37608,0.98548,0.9375,-0.73,0.00085,3.5505,10.93512,6.72516,0.16979,0.95047,0,1,1,1,0,0,0,6,5,7,1,7,5,1,15,0,1,1,1.01338,1116.67184,0.1761,119.25
n-(4-aminobutyl)-2-(α-d-galactopyranosyl)ethylamide (hydrochloride),0.00002,1139.26588,-0.48,-6.6388,328.14011,1.38095,0.34401,0.91667,8,8,0.59836,34.72188,16.52154,4.59969,0.98711,0.91667,-0.48,0.00121,3.94482,10.28017,6.03081,0.16005,0.94999,0,1,1,1,0,0,0,6,6,9,1,8,8,1,12,0,1,1,0.88084,784.29909,0.16895,146.89
n-(4-carboxybutyl)-2-(α-d-galactopyranosyl)ethylamide,4.10648,1154.05792,-1.26,-2.41,321.14237,1.22727,0.30284,0.84615,6,9,0.48356,33.2132,16.02279,5.03433,0.97597,0.84615,-1.26,0.00077,4.22421,9.00893,5.50199,0.21792,0.84473,0,1,1,1,0,0,0,8,6,9,1,9,6,1,12,0,1,1,0.80249,1103.91553,0.16358,156.55
n-(5-hydroxypentyl)-2-(α-d-galactopyranosyl)ethylamide,4.11448,1153.30241,-0.77,-2.5023,307.1631,1.19048,0.22222,0.92308,6,8,0.16092,34.80495,16.81866,4.83021,0.87877,0.92308,-0.77,0.00058,3.6568,9.28872,5.49578,0.47725,0.86147,0,1,1,1,0,0,0,7,6,8,1,8,6,1,13,0,1,1,1.29141,1473.85297,0.52051,139.48
n-(isopropyl)-2-(α-d-galactopyranosyl)ethylamide,4.20147,926.30805,-0.73,-2.2565,263.13689,1.55556,0.22241,0.90909,5,7,0.35127,29.3967,14.20629,4.12608,0.95364,0.90909,-0.73,0.00119,3.12141,6.4406,3.62946,0.30096,0.84981,0,1,1,1,0,0,0,6,5,7,1,7,5,1,10,0,1,1,0.81643,716.88939,0.23704,119.25
n-(isobutyl)-2-(α-d-galactopyranosyl)ethylamide,4.19081,1018.39503,-0.73,-2.0089,277.15254,1.52632,0.22223,0.91667,5,7,0.56967,31.8967,15.45629,4.37608,0.98483,0.91667,-0.73,0.00164,3.19929,7.15908,4.39487,0.1735,0.93002,0,1,1,1,0,0,0,6,5,7,1,7,5,1,11,0,1,1,0.90315,565.80508,0.22009,119.25
n-(sec-butyl)-2-(α-d-galactopyranosyl)ethylamide,4.26112,1034.39503,-0.73,-1.8664,277.15254,1.57895,0.22242,0.91667,5,7,0.46396,31.8967,15.45629,4.37608,0.97261,0.91667,-0.73,0.00133,3.19929,7.15908,4.11827,0.23245,0.94496,0,1,1,1,0,0,0,6,5,7,1,7,5,1,11,0,1,1,0.89521,710.00446,0.24083,119.25
n-(1-ethylpropyl)-2-(α-d-galactopyranosyl)ethylamide,4.36972,1099.71948,-0.73,-1.4763,291.16819,1.45,0.22243,0.92308,5,7,0.33364,34.3967,16.70629,4.62608,0.9486,0.92308,-0.73,0.00095,3.28201,7.89593,4.13011,0.31649,0.90774,0,1,1,1,0,0,0,6,5,7,1,7,5,1,12,0,1,1,1.13307,955.51471,0.35902,119.25
n-cyclopropyl-2-(α-d-galactopyranosyl)ethylamide,2.89645,935.47473,-0.73,-2.5025,261.12124,1.44444,0.22243,0.90909,5,7,0.49497,27.3967,13.45629,4.37608,0.97737,0.90909,-0.73,0.00147,3.29116,5.49725,2.98599,0.21154,0.87468,1,1,2,1,0,0,0,6,5,7,1,7,5,2,8,1,1,2,0.84164,593.03234,0.21892,119.25
n-cyclopentyl-2-(α-d-galactopyranosyl)ethylamide,3.00007,1108.98951,-0.73,-1.7223,289.15254,1.35,0.22243,0.92308,5,7,0.3596,32.3967,15.95629,4.87608,0.95396,0.92308,-0.73,0.00096,3.43546,6.81823,3.47514,0.29994,0.93638,1,1,2,1,0,0,0,6,5,7,1,7,5,2,8,1,1,2,1.08076,977.53172,0.32073,119.25
n-allyl-2-(α-d-galactopyranosyl)ethylamide,4.12173,928.19001,-0.99,-2.4789,261.12124,1.61111,0.22246,0.72727,5,7,0.18426,27.3967,13.20629,4.12608,0.89318,0.72727,-0.99,0.00087,3.36233,6.8127,3.50075,0.44971,0.79388,0,1,1,1,0,0,0,6,5,7,1,7,5,1,9,0,1,1,0.95868,913.19294,0.40198,119.25
n-propargyl-2-(α-d-galactopyranosyl)ethylamide,4.11994,893.47394,-1.17,-3.0317,259.10559,1.55556,0.22297,0.72727,5,7,0.30613,25.3967,12.20629,4.12608,0.93796,0.72727,-1.17,0.00131,3.68504,6.67961,3.41269,0.34674,0.98091,0,1,1,1,0,0,0,6,5,7,1,7,5,1,8,0,1,1,1.09123,749.00042,0.44513,119.25
z-n-(1-propenyl)-2-(α-d-galactopyranosyl)ethylamide,4.1059,926.68024,-0.99,-2.1313,261.12124,1.61111,0.22612,0.72727,5,7,0.38615,27.3967,13.20629,4.12608,0.95933,0.72727,-0.99,0.00127,3.36233,6.8127,3.50075,0.28229,0.94636,0,1,1,1,0,0,0,6,5,7,1,7,5,1,9,0,1,1,0.99325,747.88199,0.32223,119.25
e-n-(1-propenyl)-2-(α-d-galactopyranosyl)ethylamide,4.1059,926.68024,-0.99,-2.1313,261.12124,1.61111,0.22612,0.72727,5,7,0.3304,27.3967,13.20629,4.12608,0.94817,0.72727,-0.99,0.00111,3.36233,6.8127,3.50075,0.31775,0.89095,0,1,1,1,0,0,0,6,5,7,1,7,5,1,9,0,1,1,0.88208,801.90389,0.25856,119.25
e-n-(crotyl)-2-(α-d-galactopyranosyl)ethylamide,4.10396,1018.59672,-0.99,-2.0888,275.13689,1.57895,0.22246,0.75,5,7,0.24709,29.8967,14.45629,4.37608,0.92254,0.75,-0.99,0.00075,3.42429,7.56315,4.25533,0.3859,0.78737,0,1,1,1,0,0,0,6,5,7,1,7,5,1,10,0,1,1,0.90028,1056.14147,0.27769,119.25
n-nonyl-2-(α-d-galactopyranosyl)ethylamide,4.16429,1513.40244,-0.73,0.0857,347.23079,1.16667,0.22222,0.94118,5,7,0.12258,44.3967,21.70629,5.62608,0.80241,0.94118,-0.73,0.00025,3.64488,11.76007,7.02529,0.59677,0.62651,0,1,1,1,0,0,0,6,5,7,1,7,5,1,16,0,1,1,1.06003,2500.15271,0.31734,119.25
n-decyl-2-(α-d-galactopyranosyl)ethylamide,4.17807,1611.86192,-0.73,0.4758,361.24644,1.12,0.22222,0.94444,5,7,0.49527,46.8967,22.95629,5.87608,0.97727,0.94444,-0.73,0.00051,3.74104,12.5954,8.00269,0.21198,0.9015,0,1,1,1,0,0,0,6,5,7,1,7,5,1,17,0,1,1,1.08871,1754.35306,0.20313,119.25
n-dodecyl-2-(α-d-galactopyranosyl)ethylamide,4.20588,1811.34121,-0.73,1.256,389.27774,1.03704,0.22222,0.95,5,7,0.61659,51.8967,25.45629,6.37608,0.98869,0.95,-0.73,0.0005,3.93771,14.29377,9.34289,0.14995,0.90797,0,1,1,1,0,0,0,6,5,7,1,7,5,1,19,0,1,1,0.9868,1808.79213,0.11611,119.25
n-tetradecyl-2-(α-d-galactopyranosyl)ethylamide,4.23278,2013.97741,-0.73,2.0362,417.30904,0.96552,0.22222,0.95455,5,7,0.09673,56.8967,27.95629,6.87608,0.81952,0.95455,-0.73,0.00025,4.13888,16.02423,10.73822,0.57305,0.80901,0,1,1,1,0,0,0,6,5,7,1,7,5,1,21,0,1,1,1.5906,3247.17853,0.55868,119.25
n-hexadecyl-2-(α-d-galactopyranosyl)ethylamide,4.25804,2219.50701,-0.73,2.8164,445.34034,0.90323,0.22222,0.95833,5,7,0.18847,61.8967,30.45629,7.37608,0.88756,0.95833,-0.73,0.00019,4.34346,17.78194,12.18228,0.46069,0.69662,0,1,1,1,0,0,0,6,5,7,1,7,5,1,23,0,1,1,1.22211,3690.56138,0.2791,119.25
"n-(3,5-difluorobenzyl)-d-gluconamide",3.98317,1076.63174,-1.65,-1.9831,321.10239,1.31818,0.25143,0.46154,6,7,0.18564,27.15263,13.03838,5.04992,0.89069,0.46154,-1.65,0.00077,5.46192,8.10675,4.96642,0.45461,0.92852,0,0,0,1,1,0,1,6,6,9,0,7,6,1,12,0,0,0,1.00762,1210.47279,0.43805,130.25
